wall_time_s,sim_time_s,frame_index,LShoulderPitch_cmd_rad,LShoulderPitch_meas_rad,RShoulderPitch_cmd_rad,RShoulderPitch_meas_rad,LShoulderRoll_cmd_rad,LShoulderRoll_meas_rad,RShoulderRoll_cmd_rad,RShoulderRoll_meas_rad,LElbowRoll_cmd_rad,LElbowRoll_meas_rad,RElbowRoll_cmd_rad,RElbowRoll_meas_rad,HeadYaw_cmd_rad,HeadYaw_meas_rad,HeadPitch_cmd_rad,HeadPitch_meas_rad,LHipYawPitch_cmd_rad,LHipYawPitch_meas_rad,LHipRoll_cmd_rad,LHipRoll_meas_rad,LHipPitch_cmd_rad,LHipPitch_meas_rad,LKneePitch_cmd_rad,LKneePitch_meas_rad,LAnklePitch_cmd_rad,LAnklePitch_meas_rad,LAnkleRoll_cmd_rad,LAnkleRoll_meas_rad,RHipYawPitch_cmd_rad,RHipYawPitch_meas_rad,RHipRoll_cmd_rad,RHipRoll_meas_rad,RHipPitch_cmd_rad,RHipPitch_meas_rad,RKneePitch_cmd_rad,RKneePitch_meas_rad,RAnklePitch_cmd_rad,RAnklePitch_meas_rad,RAnkleRoll_cmd_rad,RAnkleRoll_meas_rad
1787225928.543986,0.02,0,1.48353,1.289244,1.48353,1.147964,0.174533,0.196134,-0.174533,0.265258,-0.523599,-0.910419,0.523599,0.896033,-0.834267,0.287258,0.205949,-0.004253,0.0,0.107517,0.0,-1e-06,-0.1,-0.080804,0.2,0.180799,-0.1,-0.0808,0.0,-1e-06,0.0,0.107522,-0.27671,0.228239,-0.065,-0.460421,0.13,0.119234,-0.065,0.067761,0.27671,-0.228235
1787225928.562541,0.04,1,1.48353,1.328103,1.48353,1.197553,0.174533,0.191905,-0.174533,0.222251,-0.523599,-0.867322,0.523599,0.85296,-0.834267,0.204392,0.205949,0.037229,-0.005585,0.086017,0.0,-1e-06,-0.1,-0.084642,0.2,0.184638,-0.1,-0.084639,0.0,-1e-06,-0.005585,0.086018,-0.27671,0.192882,-0.065,-0.406031,0.13,0.121386,-0.065,0.041216,0.27671,-0.192879
1787225928.579841,0.06,2,1.48353,1.35916,1.48353,1.246829,0.174533,0.188308,-0.174533,0.179041,-0.523599,-0.824235,0.523599,0.809929,-0.834267,0.121715,0.205949,0.070462,-0.024742,0.067697,0.0,-1e-06,-0.1,-0.087713,0.2,0.18771,-0.1,-0.087711,0.0,-1e-06,-0.024742,0.0677,-0.27671,0.157528,-0.065,-0.351656,0.13,0.123107,-0.065,0.019989,0.27671,-0.157533
1787225928.602565,0.08,3,1.48353,1.384057,1.48353,1.294446,0.174533,0.185847,-0.174533,0.136582,-0.523599,-0.781142,0.523599,0.766879,-1.334828,0.03898,0.329518,0.097007,-0.046524,0.049213,0.0,0.0,-0.1,-0.09017,0.2,0.190167,-0.1,-0.090168,0.0,-1e-06,-0.046524,0.049214,-0.27671,0.122174,-0.065,-0.297277,0.13,0.124484,-0.065,0.003003,0.27671,-0.122185
1787225928.618651,0.1,4,1.48353,1.403976,1.48353,1.332613,0.174533,0.18386,-0.174533,0.094087,-0.523599,-0.738036,0.523599,0.723799,-1.334828,-0.043801,0.329518,0.14291,-0.065119,0.030071,0.0,1e-06,-0.1,-0.092135,0.2,0.192132,-0.1,-0.092134,0.0,-0.0,-0.065119,0.03007,-0.27671,0.086819,-0.065,-0.250832,0.13,0.125587,-0.065,-0.010593,0.27671,-0.086831
1787225928.641046,0.12,5,1.48353,1.419874,1.48353,1.362348,0.174533,0.181911,-0.174533,0.050906,-0.523599,-0.695167,0.523599,0.683803,-1.635164,-0.126402,0.40366,0.179701,-0.062931,0.011035,0.0,0.0,-0.1,-0.093708,0.2,0.193706,-0.1,-0.093707,0.0,-0.0,-0.062931,0.011035,-0.27671,0.051467,-0.065,-0.213674,0.13,0.126469,-0.065,-0.021471,0.27671,-0.05148
1787225928.655943,0.14,6,1.48353,1.432614,1.48353,1.386682,0.174533,0.180526,-0.174533,0.008027,-0.523599,-0.660864,0.523599,0.651786,-1.635164,-0.208976,0.40366,0.223937,-0.066605,-0.003757,0.0,0.0,-0.1,-0.094966,0.2,0.194964,-0.1,-0.094966,0.0,-0.0,-0.066605,-0.003758,-0.27671,0.016111,-0.065,-0.183941,0.13,0.127176,-0.065,-0.030176,0.27671,-0.016123
1787225928.673796,0.16,7,1.48353,1.442793,1.48353,1.405808,0.174533,0.179303,-0.174533,-0.028465,-0.523599,-0.633415,0.523599,0.626162,-1.815366,-0.291494,0.448145,0.259323,-0.059318,-0.016325,0.0,0.0,-0.1,-0.095973,0.2,0.195972,-0.1,-0.095973,0.0,-0.0,-0.059318,-0.016326,-0.27671,-0.019245,-0.065,-0.160154,0.13,0.12774,-0.065,-0.037141,0.27671,0.019232
1787225928.691827,0.18,8,1.48353,1.450939,1.48353,1.421227,0.174533,0.178345,-0.174533,-0.05764,-0.523599,-0.611454,0.523599,0.605655,-1.815366,-0.373989,0.448145,0.296498,-0.057499,-0.024924,0.0,0.0,-0.1,-0.096778,0.2,0.196778,-0.1,-0.096778,0.0,-0.0,-0.057499,-0.024924,-0.27671,-0.054602,-0.065,-0.141122,0.13,0.128192,-0.065,-0.042713,0.27671,0.054588
1787225928.709192,0.2,9,1.48353,1.457457,1.48353,1.433601,0.174533,0.177579,-0.174533,-0.080993,-0.523599,-0.593884,0.523599,0.589246,-1.815366,-0.456505,0.448145,0.326226,-0.057616,-0.031438,0.0,0.0,-0.1,-0.097422,0.2,0.197422,-0.1,-0.097423,0.0,-0.0,-0.057616,-0.031438,-0.27671,-0.089959,-0.065,-0.125896,0.13,0.128554,-0.065,-0.047171,0.27671,0.089945
1787225928.729666,0.22,10,1.48353,1.462671,1.48353,1.443532,0.174533,0.176969,-0.174533,-0.099682,-0.523599,-0.579828,0.523599,0.576118,-1.923487,-0.53905,0.474836,0.350022,-0.053535,-0.036673,0.0,0.0,-0.1,-0.097938,0.2,0.197938,-0.1,-0.097938,0.0,-0.0,-0.053535,-0.036674,-0.272223,-0.125316,-0.043135,-0.113715,0.219056,0.128843,-0.175921,-0.050737,0.272223,0.125302
1787225928.748253,0.24,11,1.48353,1.466843,1.48353,1.451497,0.174533,0.176481,-0.174533,-0.114638,-0.523599,-0.568582,0.523599,0.565614,-1.923487,-0.621595,0.474836,0.374424,-0.052195,-0.040045,0.0,0.0,-0.1,-0.09835,0.2,0.198351,-0.1,-0.098351,0.0,-0.0,-0.052195,-0.040046,-0.270877,-0.154696,-0.036575,-0.099598,0.245772,0.146885,-0.209197,-0.075769,0.270877,0.154684
1787225928.773511,0.26,12,1.48353,1.47018,1.48353,1.457879,0.174533,0.176091,-0.174533,-0.126609,-0.523599,-0.559586,0.523599,0.557211,-1.98836,-0.704158,0.49085,0.393996,-0.05079,-0.042475,0.0,0.0,-0.1,-0.09868,0.2,0.198681,-0.1,-0.09868,0.0,-0.0,-0.05079,-0.042475,0.112434,-0.177931,0.066495,-0.086992,0.164732,0.166657,-0.231227,-0.102451,-0.112434,0.177922
1787225928.788294,0.28,13,1.48353,1.47285,1.48353,1.462987,0.174533,0.175777,-0.174533,-0.136191,-0.523599,-0.552388,0.523599,0.550489,-1.98836,-0.78669,0.49085,0.413035,-0.048023,-0.044137,0.0,0.0,-0.1,-0.098944,0.2,0.198945,-0.1,-0.098944,0.0,-0.0,-0.048023,-0.044138,0.227427,-0.142574,0.097417,-0.056311,0.14042,0.16627,-0.237836,-0.128193,-0.227427,0.142565
1787225928.810236,0.3,14,1.48353,1.474986,1.48353,1.467086,0.174533,0.175529,-0.174533,-0.143855,-0.523599,-0.54663,0.523599,0.54511,-2.027283,-0.869253,0.500459,0.428279,-0.047479,-0.044914,0.0,0.0,-0.1,-0.099155,0.2,0.199156,-0.1,-0.099156,0.0,-0.0,-0.047479,-0.044915,0.261925,-0.107217,-0.016275,-0.025578,0.299021,0.161102,-0.282746,-0.150113,-0.261925,0.107208
1787225928.831865,0.32,15,1.48353,1.476695,1.48353,1.47037,0.174533,0.17533,-0.174533,-0.149987,-0.523599,-0.542024,0.523599,0.540808,-2.027283,-0.951823,0.500459,0.442444,-0.047069,-0.045427,0.0,0.0,-0.1,-0.099324,0.2,0.199325,-0.1,-0.099324,0.0,-0.0,-0.047069,-0.045428,0.272275,-0.07186,-0.050382,-0.023717,0.346601,0.188673,-0.296219,-0.176631,-0.272275,0.071851
1787225928.851656,0.34,16,1.48353,1.478064,1.48353,1.473066,0.174533,0.175189,-0.174533,-0.154857,-0.523599,-0.53834,0.523599,0.537366,-2.027283,-1.034425,0.500459,0.453941,-0.055571,-0.045755,0.0,0.0,-0.1,-0.099459,0.2,0.19946,-0.1,-0.09946,0.0,-0.0,-0.055571,-0.045756,0.275379,-0.03651,-0.060615,-0.029049,0.360875,0.220247,-0.300261,-0.20054,-0.275379,0.0365
1787225928.872756,0.36,17,1.48353,1.479157,1.48353,1.475169,0.174533,0.175062,-0.174533,-0.158783,-0.523599,-0.535391,0.523599,0.534613,-2.050637,-1.117037,0.506224,0.463062,-0.056639,-0.047717,0.0,1e-06,-0.1,-0.099567,0.2,0.199568,-0.1,-0.099568,0.0,-0.0,-0.056639,-0.047719,0.276311,-0.001153,0.054644,-0.035362,0.199263,0.248369,-0.253907,-0.220483,-0.276311,0.001141
1787225928.893968,0.38,18,1.48353,1.480033,1.48353,1.476882,0.174533,0.174968,-0.174533,-0.16191,-0.523599,-0.533033,0.523599,0.53241,-2.050637,-1.199669,0.506224,0.471556,-0.065492,-0.049501,0.0,1e-06,-0.1,-0.099653,0.2,0.199655,-0.1,-0.099654,0.0,-0.0,-0.065492,-0.049504,0.27659,0.034199,0.089222,-0.01737,0.150779,0.238552,-0.240001,-0.227169,-0.27659,-0.034211
1787225928.91498,0.4,19,1.48353,1.480734,1.48353,1.478244,0.174533,0.17489,-0.174533,-0.164416,-0.523599,-0.531146,0.523599,0.530647,-2.050637,-1.282321,0.506224,0.478308,-0.075676,-0.052698,0.0,1e-06,-0.1,-0.099722,0.2,0.199724,-0.1,-0.099723,0.0,-0.0,-0.075676,-0.052702,0.276674,0.069551,0.099595,0.00394,0.136234,0.221005,-0.235829,-0.229738,-0.276674,-0.069564
1787225928.935786,0.42,20,1.48353,1.481294,1.48353,1.479326,0.174533,0.174826,-0.174533,-0.166425,-0.523599,-0.529637,0.523599,0.529238,-2.06465,-1.364981,0.509683,0.483744,-0.090214,-0.057293,0.0,1e-06,-0.1,-0.099777,0.2,0.199779,-0.1,-0.099779,0.0,-0.0,-0.090214,-0.057296,0.276699,0.104903,-0.015621,0.023065,0.199964,0.204058,-0.184343,-0.230958,-0.276699,-0.104917
1787225928.954516,0.44,21,1.48353,1.481741,1.48353,1.480169,0.174533,0.174768,-0.174533,-0.168045,-0.523599,-0.528429,0.523599,0.52811,-2.06465,-1.447596,0.509683,0.489122,-0.103878,-0.063876,0.0,1e-06,-0.1,-0.099822,0.2,0.199823,-0.1,-0.099823,0.0,-0.0,-0.103878,-0.06388,0.276707,0.13926,-0.050186,0.015331,0.219083,0.203238,-0.168897,-0.221639,-0.276707,-0.139272
1787225928.98013,0.46,22,1.48353,1.482099,1.48353,1.480839,0.174533,0.174721,-0.174533,-0.169344,-0.523599,-0.527463,0.523599,0.527208,-2.073057,-1.530204,0.511759,0.493546,-0.115163,-0.071876,0.0,1e-06,-0.1,-0.099857,0.2,0.199859,-0.1,-0.099858,0.0,0.0,-0.115163,-0.071879,0.253196,0.166747,-0.060556,0.00223,0.156725,0.206406,-0.096169,-0.211093,-0.253196,-0.166758
1787225928.995978,0.48,23,1.48353,1.482385,1.48353,1.481366,0.174533,0.17468,-0.174533,-0.170387,-0.523599,-0.52669,0.523599,0.526486,-2.073057,-1.612772,0.511759,0.497672,-0.118549,-0.080532,0.0,1e-06,-0.1,-0.099886,0.2,0.199887,-0.1,-0.099887,0.0,0.0,-0.118549,-0.080534,0.246143,0.184032,-0.063667,-0.010325,0.138017,0.196472,-0.074351,-0.188115,-0.246143,-0.184042
1787225929.016397,0.5,24,1.48353,1.482614,1.48353,1.481789,0.174533,0.174648,-0.174533,-0.171222,-0.523599,-0.526072,0.523599,0.525909,-2.078102,-1.695338,0.513004,0.50098,-0.119565,-0.088134,0.0,0.0,-0.1,-0.099908,0.2,0.19991,-0.1,-0.099909,0.0,0.0,-0.119565,-0.088136,0.22572,0.196451,-0.0646,-0.020992,0.234727,0.184786,-0.170127,-0.165368,-0.22572,-0.196459
1787225929.036849,0.52,25,1.48353,1.482797,1.48353,1.482133,0.174533,0.174624,-0.174533,-0.171886,-0.523599,-0.525578,0.523599,0.525447,-2.078102,-1.771814,0.513004,0.503609,-0.119869,-0.094419,0.0,0.0,-0.1,-0.099926,0.2,0.199928,-0.1,-0.099927,0.0,-0.0,-0.119869,-0.094423,0.219593,0.202304,-0.06488,-0.029715,0.26374,0.19477,-0.19886,-0.166318,-0.219593,-0.202311
1787225929.05681,0.54,26,1.48353,1.482943,1.48353,1.48241,0.174533,0.174605,-0.174533,-0.172417,-0.523599,-0.525182,0.523599,0.525077,-2.078102,-1.833033,0.513004,0.505617,-0.119961,-0.099509,0.0,0.0,-0.1,-0.099941,0.2,0.199943,-0.1,-0.099942,0.0,-0.0,-0.119961,-0.099513,0.217755,0.205761,-0.064964,-0.036749,0.272444,0.208562,-0.20748,-0.172825,-0.217755,-0.205767
1787225929.084207,0.56,27,1.48353,1.483061,1.48353,1.482633,0.174533,0.17459,-0.174533,-0.172841,-0.523599,-0.524865,0.523599,0.524782,-1.618583,-1.882029,0.513751,0.507178,-0.119988,-0.103599,0.0,-0.0,-0.1,-0.099952,0.2,0.199954,-0.1,-0.099954,0.0,-0.0,-0.119988,-0.103603,0.184679,0.20816,-0.064989,-0.042394,0.172733,0.221337,-0.107744,-0.179756,-0.184679,-0.208165
1787225929.104814,0.58,28,1.48353,1.483155,1.48353,1.48281,0.174533,0.174578,-0.174533,-0.173181,-0.523599,-0.524612,0.523599,0.524545,-1.618583,-1.829342,0.513751,0.508447,-0.119996,-0.106877,0.0,-0.0,-0.1,-0.099962,0.2,0.199963,-0.1,-0.099963,0.0,-0.0,-0.119996,-0.10688,0.174757,0.203465,-0.064997,-0.046913,0.14282,0.211618,-0.077823,-0.165354,-0.174757,-0.203469
1787225929.126246,0.6,29,1.48353,1.48323,1.48353,1.482951,0.174533,0.174568,-0.174533,-0.173452,-0.523599,-0.524409,0.523599,0.524356,-1.251868,-1.787191,0.5142,0.50949,-0.119999,-0.109501,0.0,-1e-06,-0.1,-0.099969,0.2,0.199971,-0.1,-0.09997,0.0,-0.0,-0.119999,-0.109504,0.108974,0.197725,-0.167499,-0.05053,0.133846,0.197861,0.033653,-0.14785,-0.108974,-0.197727
1787225929.146854,0.62,30,1.48353,1.48329,1.48353,1.483068,0.174533,0.174561,-0.174533,-0.173668,-0.523599,-0.524247,0.523599,0.524204,-1.251868,-1.704548,0.5142,0.510496,-0.12,-0.1116,0.0,-0.0,-0.1,-0.099975,0.2,0.199977,-0.1,-0.099976,0.0,-0.0,-0.12,-0.111602,0.08924,0.179975,-0.198249,-0.07392,0.131154,0.185062,0.067095,-0.111557,-0.08924,-0.179977
1787225929.166785,0.64,31,1.48353,1.483338,1.48353,1.48316,0.174533,0.174556,-0.174533,-0.173841,-0.523599,-0.524117,0.523599,0.524083,-0.99993,-1.621895,0.514469,0.511417,-0.12,-0.113279,0.0,-0.0,-0.1,-0.09998,0.2,0.199982,-0.1,-0.099981,0.0,-0.0,-0.12,-0.113281,-0.166925,0.161829,-0.432478,-0.098782,0.130346,0.174285,0.097129,-0.075834,0.166925,-0.16183
1787225929.184876,0.66,32,1.48353,1.483376,1.48353,1.483234,0.174533,0.174551,-0.174533,-0.17398,-0.523599,-0.524014,0.523599,0.523986,-0.99993,-1.539241,0.514469,0.512168,-0.12,-0.114623,0.0,-0.0,-0.1,-0.099983,0.2,0.199985,-0.1,-0.099985,0.0,-0.0,-0.12,-0.114624,-0.243775,0.126472,-0.502747,-0.153151,0.130104,0.165509,0.106139,-0.041274,0.243775,-0.126479
1787225929.202391,0.68,33,1.48353,1.483407,1.48353,1.483293,0.174533,0.174547,-0.174533,-0.17409,-0.523599,-0.523931,0.523599,0.523909,-0.99993,-1.456589,0.514469,0.512901,-0.12,-0.115698,0.0,-0.0,-0.1,-0.099986,0.2,0.199988,-0.1,-0.099988,0.0,0.0,-0.12,-0.115699,-0.266829,0.091114,-0.523828,-0.207519,0.130031,0.158437,0.108842,-0.01182,0.266829,-0.091129
1787225929.227689,0.7,34,1.48353,1.483432,1.48353,1.483341,0.174533,0.174544,-0.174533,-0.174179,-0.523599,-0.523864,0.523599,0.523847,-0.99993,-1.373938,0.514469,0.51362,-0.12,-0.116558,0.0,-0.0,-0.1,-0.099989,0.2,0.199991,-0.1,-0.09999,0.0,0.0,-0.12,-0.116558,-0.273746,0.055757,-0.530152,-0.261885,0.130009,0.152764,0.109652,0.012285,0.273746,-0.055781
1787225929.243632,0.72,35,1.48353,1.483452,1.48353,1.483379,0.174533,0.174542,-0.174533,-0.17425,-0.523599,-0.523811,0.523599,0.523797,-0.99993,-1.299174,0.514469,0.514248,-0.12,-0.117246,0.0,0.0,-0.1,-0.099991,0.2,0.199993,-0.1,-0.099992,0.0,0.0,-0.12,-0.117246,-0.275821,0.0204,-0.532049,-0.315501,0.130003,0.14822,0.109896,0.031736,0.275821,-0.020433
1787225929.265109,0.74,36,1.48353,1.483467,1.48353,1.483409,0.174533,0.17454,-0.174533,-0.174306,-0.523599,-0.523769,0.523599,0.523757,-0.99993,-1.239347,0.514469,0.514774,-0.12,-0.117796,0.0,0.0,-0.1,-0.099992,0.2,0.199994,-0.1,-0.099994,0.0,0.0,-0.12,-0.117797,-0.276443,-0.014957,-0.532618,-0.358782,0.130001,0.144583,0.109969,0.047351,0.276443,0.014918
1787225929.286863,0.76,37,1.48353,1.48348,1.48353,1.483433,0.174533,0.174539,-0.174533,-0.174352,-0.523599,-0.523735,0.523599,0.523726,-0.99993,-1.191475,0.514469,0.514789,-0.12,-0.118237,0.0,0.0,-0.1,-0.099994,0.2,0.199996,-0.1,-0.099995,0.0,0.0,-0.12,-0.118237,-0.27663,-0.050311,-0.532789,-0.393524,0.13,0.141675,0.109991,0.05986,0.27663,0.050271
1787225929.308991,0.78,38,1.48353,1.48349,1.48353,1.483453,0.174533,0.174538,-0.174533,-0.174388,-0.523599,-0.523707,0.523599,0.5237,-0.131554,-1.153171,0.17518,0.514897,-0.12,-0.118589,0.0,0.0,-0.1,-0.099995,0.2,0.199997,-0.1,-0.099996,0.0,0.0,-0.12,-0.11859,-0.109168,-0.085668,-0.205337,-0.421358,0.13,0.139373,-0.012503,0.06987,0.109168,0.085627
1787225929.332188,0.8,39,1.48353,1.483498,1.48353,1.483468,0.174533,0.174537,-0.174533,-0.174417,-0.523599,-0.523686,0.523599,0.52368,-0.131554,-1.070503,0.17518,0.447237,-0.12,-0.118871,0.0,0.0,-0.1,-0.099996,0.2,0.199997,-0.1,-0.099997,0.0,0.0,-0.12,-0.118872,-0.058929,-0.090369,-0.107101,-0.378207,0.13,0.137417,-0.049251,0.053437,0.058929,0.090326
1787225929.352391,0.82,40,1.48353,1.483505,1.365233,1.483481,0.174533,0.174536,-0.257923,-0.17444,-0.523599,-0.523668,0.523599,0.523664,0.370967,-0.988032,-0.033839,0.39311,-0.12,-0.119096,0.0,0.0,-0.1,-0.099996,0.2,0.199998,-0.1,-0.099997,0.0,0.0,-0.12,-0.119098,-0.039076,-0.084081,-0.07763,-0.324007,0.13,0.135958,-0.060275,0.032914,0.039076,0.084041
1787225929.372888,0.84,41,1.48353,1.48351,1.365233,1.459827,0.174533,0.174535,-0.257923,-0.191124,-0.523599,-0.523654,0.523599,0.523651,0.370967,-0.905828,-0.033839,0.321524,-0.12,-0.119277,0.0,0.0,-0.1,-0.099997,0.2,0.199998,-0.1,-0.099998,0.0,0.0,-0.12,-0.119278,-0.03312,-0.07508,-0.068789,-0.274744,0.13,0.134772,-0.063583,0.014285,0.03312,0.075044
1787225929.394754,0.86,42,1.48353,1.483514,1.313899,1.440907,0.174533,0.174535,-0.288313,-0.204474,-0.523599,-0.523643,0.523599,0.52364,0.5759,-0.823747,-0.195114,0.2509,-0.12,-0.119421,0.0,0.0,-0.1,-0.099997,0.2,0.199999,-0.1,-0.099998,0.0,0.0,-0.12,-0.119423,-0.022211,-0.066688,-0.066137,-0.23356,0.13,0.13382,-0.064575,-0.001283,0.022211,0.066656
1787225929.412025,0.88,43,1.48353,1.483517,1.313899,1.415504,0.174533,0.174534,-0.288313,-0.221225,-0.523599,-0.523634,0.523599,0.523632,0.5759,-0.741795,-0.195114,0.179556,-0.12,-0.119537,0.0,0.0,-0.1,-0.099998,0.2,0.199999,-0.1,-0.099999,0.0,0.0,-0.12,-0.119538,-0.018938,-0.057793,-0.065341,-0.20008,0.13,0.133057,-0.064872,-0.013938,0.018938,0.057764
1787225929.436946,0.9,44,1.48353,1.48352,1.292342,1.395187,0.174533,0.174534,-0.297304,-0.234634,-0.523599,-0.523627,0.534376,0.523625,0.648435,-0.659965,-0.318591,0.108292,-0.12,-0.119629,0.0,0.0,-0.1,-0.099998,0.2,0.199999,-0.1,-0.099999,0.0,0.0,-0.12,-0.119631,-0.005681,-0.050022,-0.089602,-0.173135,0.179,0.132447,-0.089462,-0.024123,0.005681,0.049997
1787225929.451444,0.92,45,1.48353,1.483522,1.292342,1.374629,0.174533,0.174534,-0.297304,-0.247172,-0.523599,-0.523621,0.534376,0.525775,0.648435,-0.57824,-0.318591,0.037096,-0.12,-0.119703,0.0,0.0,-0.1,-0.099998,0.2,0.2,-0.1,-0.099999,0.0,0.0,-0.12,-0.119705,-0.001704,-0.041154,-0.096881,-0.156429,0.1937,0.141757,-0.096839,-0.037188,0.001704,0.041132
1787225929.479334,0.94,46,1.50638,1.483524,1.295973,1.358182,0.116776,0.174534,-0.286133,-0.257203,-0.523599,-0.523617,0.545383,0.527495,0.695542,-0.496577,-0.388351,-0.033266,-0.12,-0.119763,0.0,0.0,-0.1,-0.099998,0.2,0.2,-0.1,-0.099999,0.0,0.0,-0.12,-0.119764,-0.000511,-0.033264,-0.099064,-0.144519,0.19811,0.152143,-0.099052,-0.049117,0.000511,0.033246
1787225929.493103,0.96,47,1.50638,1.488094,1.295973,1.345742,0.116776,0.162983,-0.286133,-0.262986,-0.523599,-0.523613,0.545383,0.531073,0.695542,-0.41495,-0.388351,-0.103429,-0.12,-0.11981,0.0,0.0,-0.1,-0.099998,0.2,0.2,-0.1,-0.099999,0.0,0.0,-0.12,-0.119811,-0.000153,-0.026713,-0.099719,-0.135428,0.199433,0.161336,-0.099715,-0.059103,0.000153,0.026698
1787225929.513413,0.98,48,1.524428,1.491751,1.311873,1.33579,0.077784,0.153742,-0.265709,-0.267613,-0.685762,-0.52361,0.494287,0.533935,0.710586,-0.333095,-0.397214,-0.159483,-0.12,-0.119848,0.0,0.0,-0.1,-0.099998,0.2,0.2,-0.1,-0.1,0.0,0.0,-0.12,-0.119849,-4.6e-05,-0.021401,-0.099916,-0.128286,0.19983,0.168955,-0.099915,-0.067224,4.6e-05,0.021388
1787225929.532158,1.0,49,1.524428,1.498288,1.311873,1.331006,0.077784,0.138553,-0.265709,-0.267233,-0.685762,-0.556036,0.494287,0.526005,0.710586,-0.251069,-0.397214,-0.206075,-0.12,-0.119878,0.0,0.0,-0.1,-0.099998,0.2,0.2,-0.1,-0.1,0.0,0.0,-0.12,-0.119879,-1.4e-05,-0.01713,-0.099975,-0.122612,0.199949,0.175129,-0.099974,-0.073762,1.4e-05,0.017119
1787225929.553093,1.02,50,1.524428,1.503513,1.311873,1.32718,0.077784,0.1264,-0.265709,-0.266927,-0.685762,-0.581979,0.494287,0.519662,0.710586,-0.168877,-0.397214,-0.243362,-0.12,-0.119902,0.0,0.0,-0.1,-0.099998,0.2,0.2,-0.1,-0.1,0.0,0.0,-0.12,-0.119903,-4e-06,-0.013707,-0.099992,-0.118084,0.199985,0.180093,-0.099992,-0.079005,4e-06,0.013697
1787225929.575261,1.04,51,1.537481,1.507693,1.329017,1.324118,0.052165,0.116677,-0.245851,-0.266683,-0.822568,-0.602735,0.511969,0.514587,0.741415,-0.086557,-0.415878,-0.273241,-0.12,-0.119922,0.0,0.0,-0.1,-0.099998,0.2,0.2,-0.1,-0.1,0.0,0.0,-0.12,-0.119922,-1e-06,-0.010966,-0.099998,-0.114466,0.199995,0.184072,-0.099998,-0.083202,1e-06,0.010958
1787225929.595994,1.06,52,1.537481,1.513649,1.329017,1.325098,0.052165,0.103776,-0.245851,-0.262517,-0.822568,-0.646693,0.511969,0.514063,0.741415,-0.004186,-0.415878,-0.300952,-0.12,-0.119937,0.0,0.0,-0.1,-0.099998,0.2,0.2,-0.1,-0.1,0.0,0.0,-0.12,-0.119938,-0.0,-0.008773,-0.099999,-0.111572,0.199999,0.187256,-0.099999,-0.086561,0.0,0.008767
1787225929.617465,1.08,53,1.538835,1.518407,1.334864,1.325879,0.043271,0.093454,-0.238375,-0.259183,-0.925279,-0.68186,0.509292,0.513644,0.769,0.078125,-0.404103,-0.323707,-0.12,-0.11995,0.0,0.0,-0.1,-0.099999,0.2,0.2,-0.1,-0.1,0.0,0.0,-0.12,-0.11995,-0.0,-0.007019,-0.1,-0.109258,0.2,0.189805,-0.1,-0.089248,0.0,0.007013
1787225929.638579,1.1,54,1.538835,1.522492,1.334864,1.327673,0.043271,0.083419,-0.238375,-0.255021,-0.925279,-0.730534,0.509292,0.512774,0.769,0.160618,-0.404103,-0.339241,-0.12,-0.119959,0.0,0.0,-0.1,-0.099999,0.2,0.2,-0.1,-0.1,0.0,0.0,-0.12,-0.11996,-0.0,-0.005615,-0.1,-0.107406,0.2,0.191844,-0.1,-0.091398,0.0,0.00561
1787225929.659271,1.12,55,1.534611,1.525759,1.339698,1.329111,0.042971,0.07539,-0.232565,-0.251692,-0.975953,-0.769479,0.513159,0.512077,0.794707,0.243182,-0.405723,-0.351545,-0.12,-0.119967,0.0,0.0,-0.1,-0.099999,0.2,0.2,-0.1,-0.1,0.0,0.0,-0.12,-0.119968,-0.0,-0.004492,-0.1,-0.105924,0.2,0.193475,-0.1,-0.093119,0.0,0.004488
1787225929.679933,1.14,56,1.534611,1.527527,1.339698,1.331228,0.042971,0.068906,-0.232565,-0.247867,-0.975953,-0.81077,0.513159,0.512294,0.794707,0.325775,-0.405723,-0.361763,-0.12,-0.119973,0.0,0.0,-0.1,-0.099999,0.2,0.2,-0.1,-0.1,0.0,0.0,-0.12,-0.119974,-0.0,-0.003594,-0.1,-0.104739,0.2,0.19478,-0.1,-0.094495,0.0,0.00359
1787225929.699974,1.16,57,1.522969,1.528942,1.34363,1.332922,0.051899,0.063719,-0.228046,-0.244806,-1.032656,-0.843804,0.556181,0.512467,0.78772,0.408384,-0.40981,-0.370003,-0.12,-0.119978,0.0,0.0,-0.1,-0.099999,0.2,0.2,-0.1,-0.1,0.0,0.0,-0.12,-0.119979,-0.0,-0.002875,-0.1,-0.103791,0.2,0.195824,-0.1,-0.095596,0.0,0.002872
1787225929.718734,1.18,58,1.522969,1.527747,1.34363,1.335064,0.051899,0.061355,-0.228046,-0.241455,-1.032656,-0.88157,0.556181,0.52121,0.78772,0.484182,-0.40981,-0.377503,-0.12,-0.119982,0.0,0.0,-0.1,-0.099999,0.2,0.2,-0.1,-0.1,0.0,0.0,-0.12,-0.119983,-0.0,-0.0023,-0.1,-0.103033,0.2,0.196659,-0.1,-0.096477,0.0,0.002298
1787225929.74292,1.2,59,1.509257,1.526791,1.34587,1.336777,0.063982,0.059464,-0.225454,-0.238773,-1.062532,-0.911784,0.587613,0.528204,0.779357,0.544848,-0.413754,-0.383643,-0.12,-0.119986,0.0,0.0,-0.1,-0.099999,0.2,0.2,-0.1,-0.1,0.0,0.0,-0.12,-0.119987,-0.0,-0.00184,-0.1,-0.102426,0.2,0.197328,-0.1,-0.097181,0.0,0.001838
1787225929.762708,1.22,60,1.509257,1.523285,1.34587,1.338596,0.063982,0.060367,-0.225454,-0.236109,-1.062532,-0.941923,0.587613,0.540086,0.779357,0.591721,-0.413754,-0.389458,-0.12,-0.119988,0.0,0.0,-0.1,-0.099999,0.2,0.2,-0.1,-0.1,0.0,0.0,-0.12,-0.119989,-0.0,-0.001472,-0.1,-0.10194,0.2,0.197862,-0.1,-0.097745,0.0,0.001471
1787225929.786152,1.24,61,1.49321,1.520479,1.343652,1.340051,0.079052,0.06109,-0.227461,-0.233978,-1.110121,-0.966067,0.60147,0.549591,0.767476,0.62923,-0.426713,-0.394182,-0.12,-0.11999,0.0,0.0,-0.1,-0.099999,0.2,0.2,-0.1,-0.1,0.0,0.0,-0.12,-0.119991,-0.0,-0.001178,-0.1,-0.101552,0.2,0.19829,-0.1,-0.098196,0.0,0.001176
1787225929.804621,1.26,62,1.49321,1.515026,1.343652,1.340771,0.079052,0.064682,-0.227461,-0.232675,-1.110121,-0.994868,0.60147,0.559967,0.767476,0.656862,-0.426713,-0.400604,-0.12,-0.119992,0.0,0.0,-0.1,-0.099999,0.2,0.200001,-0.1,-0.1,0.0,0.0,-0.12,-0.119993,-0.0,-0.000942,-0.1,-0.101241,0.2,0.198632,-0.1,-0.098557,0.0,0.000941
1787225929.823089,1.28,63,1.477125,1.510663,1.344911,1.341347,0.094551,0.067556,-0.226075,-0.231632,-1.141686,-1.017916,0.618659,0.568267,0.764179,0.678974,-0.435205,-0.40577,-0.12,-0.119993,0.0,0.0,-0.1,-0.099999,0.2,0.200001,-0.1,-0.1,0.0,0.0,-0.12,-0.119994,-0.0,-0.000754,-0.1,-0.100993,0.2,0.198906,-0.1,-0.098845,0.0,0.000753
1787225929.839662,1.3,64,1.477125,1.503956,1.344911,1.34206,0.094551,0.072955,-0.226075,-0.230521,-1.141686,-1.042667,0.618659,0.578346,0.764179,0.696005,-0.435205,-0.411621,-0.12,-0.119994,0.0,0.0,-0.1,-0.099999,0.2,0.200001,-0.1,-0.1,0.0,0.0,-0.12,-0.119995,-0.0,-0.000603,-0.1,-0.100794,0.2,0.199125,-0.1,-0.099076,0.0,0.000602
1787225929.859797,1.32,65,1.477125,1.49859,1.344911,1.34263,0.094551,0.077274,-0.226075,-0.229632,-1.141686,-1.06247,0.618659,0.586408,0.764179,0.709633,-0.435205,-0.416314,-0.12,-0.119995,0.0,0.0,-0.1,-0.099999,0.2,0.200001,-0.1,-0.1,0.0,0.0,-0.12,-0.119996,-0.0,-0.000482,-0.1,-0.100635,0.2,0.1993,-0.1,-0.099261,0.0,0.000482
1787225929.888865,1.34,66,1.463255,1.494297,1.348169,1.343087,0.108069,0.080729,-0.222741,-0.22892,-1.170809,-1.078313,0.629174,0.592858,0.769694,0.720538,-0.42736,-0.420077,-0.12,-0.119996,0.0,0.0,-0.1,-0.099999,0.2,0.200001,-0.1,-0.1,0.0,0.0,-0.12,-0.119997,-0.0,-0.000386,-0.1,-0.100508,0.2,0.19944,-0.1,-0.099409,0.0,0.000385
1787225929.904101,1.36,67,1.463255,1.488089,1.348169,1.344103,0.108069,0.086196,-0.222741,-0.227684,-1.170809,-1.096811,0.629174,0.600122,0.769694,0.730367,-0.42736,-0.421524,-0.12,-0.119996,0.0,0.0,-0.1,-0.099999,0.2,0.200001,-0.1,-0.1,0.0,0.0,-0.12,-0.119997,-0.0,-0.000309,-0.1,-0.100406,0.2,0.199552,-0.1,-0.099527,0.0,0.000308
1787225929.930446,1.38,68,1.451999,1.483122,1.360818,1.344916,0.119114,0.09057,-0.210046,-0.226696,-1.164273,-1.11161,0.679535,0.605932,0.766409,0.738232,-0.40892,-0.422685,-0.12,-0.119997,0.0,0.0,-0.1,-0.099999,0.2,0.200001,-0.1,-0.1,0.0,0.0,-0.12,-0.119998,-0.0,-0.000247,-0.1,-0.100325,0.2,0.199642,-0.1,-0.099622,0.0,0.000247
1787225929.949667,1.4,69,1.451999,1.476898,1.360818,1.348097,0.119114,0.096279,-0.210046,-0.223366,-1.164273,-1.122142,0.679535,0.620652,0.766409,0.743869,-0.40892,-0.419929,-0.12,-0.119997,0.0,0.0,-0.1,-0.099999,0.2,0.200001,-0.1,-0.1,0.0,0.0,-0.12,-0.119998,-0.0,-0.000198,-0.1,-0.10026,0.2,0.199713,-0.1,-0.099697,0.0,0.000197
1787225929.972186,1.42,70,1.439275,1.471919,1.37396,1.350641,0.131711,0.100846,-0.196877,-0.220702,-1.202433,-1.130568,0.698025,0.632429,0.762189,0.748378,-0.401802,-0.417725,-0.12,-0.119997,0.0,0.0,-0.1,-0.099999,0.2,0.200001,-0.1,-0.1,0.0,0.0,-0.12,-0.119998,-0.0,-0.000158,-0.1,-0.100207,0.2,0.199771,-0.1,-0.099758,0.0,0.000158
1787225929.990668,1.44,71,1.439275,1.465391,1.37396,1.355305,0.131711,0.107018,-0.196877,-0.215937,-1.202433,-1.14494,0.698025,0.645548,0.762189,0.751142,-0.401802,-0.41454,-0.12,-0.119998,0.0,0.0,-0.1,-0.099999,0.2,0.200001,-0.1,-0.1,0.0,0.0,-0.12,-0.119999,-0.0,-0.000127,-0.1,-0.100166,0.2,0.199817,-0.1,-0.099806,0.0,0.000126
1787225930.013973,1.46,72,1.432607,1.460168,1.381815,1.359036,0.138303,0.111956,-0.189006,-0.212125,-1.249484,-1.156439,0.720707,0.656043,0.757418,0.753353,-0.39513,-0.411992,-0.12,-0.119998,0.0,0.0,-0.1,-0.099999,0.2,0.200001,-0.1,-0.1,0.0,0.0,-0.12,-0.119999,-0.0,-0.000101,-0.1,-0.100132,0.2,0.199853,-0.1,-0.099845,0.0,0.000101
1787225930.03121,1.48,73,1.432607,1.454656,1.381815,1.363592,0.138303,0.117225,-0.189006,-0.207502,-1.249484,-1.175047,0.720707,0.668976,0.757418,0.754167,-0.39513,-0.40862,-0.12,-0.119998,0.0,0.0,-0.1,-0.099999,0.2,0.200001,-0.1,-0.1,0.0,0.0,-0.12,-0.119999,-0.0,-8.1e-05,-0.1,-0.100106,0.2,0.199883,-0.1,-0.099876,0.0,8.1e-05
1787225930.05496,1.5,74,1.420979,1.450247,1.382835,1.367237,0.149885,0.121441,-0.187977,-0.203802,-1.295943,-1.189934,0.707816,0.679322,0.761269,0.754818,-0.390209,-0.405922,-0.12,-0.119998,0.0,0.0,-0.1,-0.099999,0.2,0.200001,-0.1,-0.1,0.0,0.0,-0.12,-0.119999,-0.0,-6.5e-05,-0.1,-0.100084,0.2,0.199906,-0.1,-0.099901,0.0,6.5e-05
1787225930.067355,1.52,75,1.420979,1.444394,1.382835,1.370356,0.149885,0.127129,-0.187977,-0.200637,-1.295943,-1.211134,0.707816,0.685021,0.761269,0.756109,-0.390209,-0.402779,-0.12,-0.119998,0.0,-0.0,-0.1,-0.099999,0.2,0.200001,-0.1,-0.1,0.0,0.0,-0.12,-0.119999,-0.0,-5.2e-05,-0.1,-0.100067,0.2,0.199925,-0.1,-0.099921,0.0,5.2e-05
1787225930.091916,1.54,76,1.396937,1.439711,1.392322,1.372852,0.1739,0.13168,-0.178483,-0.198105,-1.266552,-1.228095,0.680334,0.68958,0.760727,0.757142,-0.389879,-0.400265,-0.12,-0.119998,0.0,-0.0,-0.1,-0.099999,0.2,0.200001,-0.1,-0.1,0.0,0.0,-0.12,-0.119999,-0.0,-4.2e-05,-0.1,-0.100053,0.2,0.19994,-0.1,-0.099937,0.0,4.1e-05
1787225930.107874,1.56,77,1.396937,1.431157,1.392322,1.376746,0.1739,0.140123,-0.178483,-0.194181,-1.266552,-1.235786,0.680334,0.687731,0.760727,0.757859,-0.389879,-0.398188,-0.12,-0.119999,0.0,-0.0,-0.1,-0.099999,0.2,0.200001,-0.1,-0.1,0.0,0.0,-0.12,-0.119999,-0.0,-3.3e-05,-0.1,-0.100042,0.2,0.199952,-0.1,-0.099949,0.0,3.3e-05
1787225930.12763,1.58,78,1.396937,1.424314,1.392322,1.379861,0.1739,0.146878,-0.178483,-0.191041,-1.266552,-1.24194,0.680334,0.686251,0.760727,0.758433,-0.389879,-0.396526,-0.12,-0.119999,0.0,-0.0,-0.1,-0.099999,0.2,0.200001,-0.1,-0.1,0.0,0.0,-0.12,-0.119999,-0.0,-2.7e-05,-0.1,-0.100034,0.2,0.199962,-0.1,-0.099959,0.0,2.6e-05
1787225930.150725,1.6,79,1.370122,1.418839,1.403358,1.382353,0.200699,0.152282,-0.167443,-0.18853,-1.222605,-1.246862,0.621828,0.685068,0.772413,0.758892,-0.373321,-0.395197,-0.12,-0.119999,0.0,-0.0,-0.1,-0.099999,0.2,0.200001,-0.1,-0.1,0.0,0.0,-0.12,-0.119999,-0.0,-2.1e-05,-0.1,-0.100027,0.2,0.19997,-0.1,-0.099967,0.0,2.1e-05
1787225930.17167,1.62,80,1.370122,1.409097,1.403358,1.386554,0.200699,0.161964,-0.167443,-0.184313,-1.222605,-1.242011,0.621828,0.67242,0.772413,0.761598,-0.373321,-0.390822,-0.12,-0.119999,0.0,0.0,-0.1,-0.099999,0.2,0.200001,-0.1,-0.1,0.0,0.0,-0.12,-0.119999,-0.0,-1.7e-05,-0.1,-0.100021,0.2,0.199976,-0.1,-0.099974,0.0,1.7e-05
1787225930.194931,1.64,81,1.351882,1.401303,1.404748,1.389915,0.218929,0.16971,-0.166052,-0.180939,-1.150843,-1.23813,0.6049,0.662302,0.800307,0.763761,-0.364268,-0.387323,-0.12,-0.119999,0.0,0.0,-0.1,-0.099999,0.2,0.200001,-0.1,-0.1,0.0,0.0,-0.12,-0.119999,-0.0,-1.4e-05,-0.1,-0.100017,0.2,0.199981,-0.1,-0.099979,0.0,1.4e-05
1787225930.217801,1.66,82,1.338717,1.39142,1.393569,1.392882,0.232088,0.179552,-0.177229,-0.177962,-1.150375,-1.220674,0.58621,0.650822,0.831527,0.771072,-0.374858,-0.382714,-0.12,-0.119999,0.0,0.0,-0.1,-0.099999,0.2,0.200001,-0.1,-0.1,0.0,0.0,-0.12,-0.119999,-0.0,-1.1e-05,-0.1,-0.100013,0.2,0.199985,-0.1,-0.099983,0.0,1.1e-05
1787225930.236594,1.68,83,1.338717,1.380882,1.393569,1.393019,0.232088,0.190057,-0.177229,-0.177815,-1.150375,-1.206615,0.58621,0.637899,0.831527,0.783163,-0.374858,-0.381144,-0.12,-0.119999,0.0,0.0,-0.1,-0.099999,0.2,0.200001,-0.1,-0.1,0.0,0.0,-0.12,-0.119999,-0.0,-9e-06,-0.1,-0.10001,0.2,0.199988,-0.1,-0.099987,0.0,9e-06
1787225930.256114,1.7,84,1.338717,1.37245,1.393569,1.393129,0.232088,0.198462,-0.177229,-0.177698,-1.150375,-1.195367,0.58621,0.627562,0.831527,0.792836,-0.374858,-0.379888,-0.12,-0.119999,0.0,0.0,-0.1,-0.099999,0.2,0.200001,-0.1,-0.1,0.0,0.0,-0.12,-0.119999,-0.0,-7e-06,-0.1,-0.100008,0.2,0.19999,-0.1,-0.099989,0.0,7e-06
1787225930.278079,1.72,85,1.316503,1.365705,1.370039,1.393218,0.254299,0.205185,-0.200758,-0.177604,-1.196145,-1.186369,0.590732,0.619291,0.854795,0.800574,-0.407233,-0.378882,-0.12,-0.119999,0.0,0.0,-0.1,-0.099999,0.2,0.200001,-0.1,-0.1,0.0,0.0,-0.12,-0.119999,-0.0,-6e-06,-0.1,-0.100006,0.2,0.199992,-0.1,-0.099991,0.0,6e-06
1787225930.296134,1.74,86,1.316503,1.355866,1.370039,1.388582,0.254299,0.215006,-0.200758,-0.182235,-1.196145,-1.188324,0.590732,0.613579,0.854795,0.811419,-0.407233,-0.38455,-0.12,-0.119999,0.0,0.0,-0.1,-0.099999,0.2,0.2,-0.1,-0.1,0.0,0.0,-0.12,-0.119999,-0.0,-4e-06,-0.1,-0.100005,0.2,0.199994,-0.1,-0.099993,0.0,4e-06
1787225930.315187,1.76,87,1.288343,1.347994,1.334307,1.384874,0.282457,0.222863,-0.23649,-0.185939,-1.210703,-1.189888,0.615461,0.60901,0.892444,0.820095,-0.429595,-0.389084,-0.12,-0.119999,0.0,0.0,-0.1,-0.099999,0.2,0.200001,-0.1,-0.1,0.0,0.0,-0.12,-0.119999,-0.0,-3e-06,-0.1,-0.100003,0.2,0.199995,-0.1,-0.099994,0.0,4e-06
1787225930.332289,1.78,88,1.288343,1.336067,1.334307,1.374761,0.282457,0.234779,-0.23649,-0.196049,-1.210703,-1.19405,0.615461,0.6103,0.892444,0.834567,-0.429595,-0.39718,-0.12,-0.119999,0.0,0.0,-0.1,-0.099999,0.2,0.2,-0.1,-0.1,0.0,0.0,-0.12,-0.119999,-0.0,-3e-06,-0.1,-0.100002,0.2,0.199996,-0.1,-0.099996,0.0,3e-06
1787225930.351795,1.8,89,1.288343,1.326524,1.334307,1.366671,0.282457,0.244313,-0.23649,-0.204137,-1.210703,-1.197381,0.615461,0.611332,0.892444,0.846143,-0.429595,-0.403659,-0.12,-0.119999,0.0,0.0,-0.1,-0.099999,0.2,0.200001,-0.1,-0.1,0.0,0.0,-0.12,-0.119999,-0.0,-2e-06,-0.1,-0.100002,0.2,0.199997,-0.1,-0.099996,0.0,2e-06
1787225930.373421,1.82,90,1.280822,1.318889,1.302208,1.360199,0.289977,0.25194,-0.268589,-0.210607,-1.207553,-1.200045,0.626909,0.612158,0.913398,0.855404,-0.45176,-0.408843,-0.12,-0.119999,0.0,0.0,-0.1,-0.099999,0.2,0.200001,-0.1,-0.1,0.0,0.0,-0.12,-0.119999,-0.0,-2e-06,-0.1,-0.100001,0.2,0.199998,-0.1,-0.099997,0.0,2e-06
1787225930.395025,1.84,91,1.280822,1.311277,1.302208,1.348602,0.289977,0.259546,-0.268589,-0.222202,-1.207553,-1.201546,0.626909,0.615108,0.913398,0.867004,-0.45176,-0.41742,-0.12,-0.119999,0.0,0.0,-0.1,-0.099999,0.2,0.200001,-0.1,-0.1,0.0,0.0,-0.12,-0.119999,-0.0,-1e-06,-0.1,-0.100001,0.2,0.199998,-0.1,-0.099998,0.0,1e-06
1787225930.416307,1.86,92,1.270435,1.305187,1.2807,1.339325,0.300362,0.265631,-0.290097,-0.231478,-1.223751,-1.202748,0.684203,0.617468,0.885321,0.876284,-0.468954,-0.424284,-0.12,-0.119999,0.0,0.0,-0.1,-0.099999,0.2,0.200001,-0.1,-0.1,0.0,0.0,-0.12,-0.119999,-0.0,-1e-06,-0.1,-0.1,0.2,0.199999,-0.1,-0.099998,0.0,1e-06
1787225930.439892,1.88,93,1.281993,1.298238,1.259366,1.327602,0.288804,0.272576,-0.311431,-0.2432,-1.17514,-1.206948,0.726632,0.630814,0.87794,0.878094,-0.47529,-0.433217,-0.12,-0.119999,0.0,0.0,-0.1,-0.099999,0.2,0.200001,-0.1,-0.1,0.0,0.0,-0.12,-0.119999,-0.0,-1e-06,-0.1,-0.1,0.2,0.199999,-0.1,-0.099999,0.0,1e-06
1787225930.459802,1.9,94,1.281993,1.294988,1.259366,1.313961,0.288804,0.27582,-0.311431,-0.256847,-1.17514,-1.200587,0.726632,0.649975,0.87794,0.878063,-0.47529,-0.441631,-0.12,-0.119999,0.0,0.0,-0.1,-0.099999,0.2,0.200001,-0.1,-0.1,0.0,0.0,-0.12,-0.12,-0.0,-0.0,-0.1,-0.1,0.2,0.199999,-0.1,-0.099999,0.0,1e-06
1787225930.482784,1.92,95,1.294516,1.292389,1.225124,1.303048,0.276281,0.278416,-0.345672,-0.267764,-1.322931,-1.195497,0.67817,0.665305,0.879738,0.878039,-0.478362,-0.448363,-0.12,-0.119999,0.0,0.0,-0.1,-0.099999,0.2,0.200001,-0.1,-0.1,0.0,0.0,-0.12,-0.12,-0.0,-0.0,-0.1,-0.1,0.2,0.199999,-0.1,-0.099999,0.0,1e-06
1787225930.500631,1.94,96,1.294516,1.292814,1.225124,1.287469,0.276281,0.277989,-0.345672,-0.283342,-1.322931,-1.220983,0.67817,0.667878,0.879738,0.878379,-0.478362,-0.454362,-0.12,-0.119999,0.0,0.0,-0.1,-0.099999,0.2,0.2,-0.1,-0.1,0.0,0.0,-0.12,-0.12,-0.0,0.0,-0.1,-0.1,0.2,0.2,-0.1,-0.099999,0.0,1e-06
1787225930.518735,1.96,97,1.294516,1.293155,1.225124,1.275003,0.276281,0.277648,-0.345672,-0.295803,-1.322931,-1.241372,0.67817,0.669937,0.879738,0.87865,-0.478362,-0.459162,-0.12,-0.119999,0.0,0.0,-0.1,-0.099999,0.2,0.2,-0.1,-0.1,0.0,0.0,-0.12,-0.12,-0.0,0.0,-0.1,-0.1,0.2,0.2,-0.1,-0.1,0.0,1e-06
1787225930.537561,1.98,98,1.319142,1.293427,1.182505,1.26503,0.251655,0.277374,-0.388292,-0.305773,-1.411605,-1.257683,0.575618,0.671584,0.875859,0.878868,-0.490727,-0.463002,-0.12,-0.119999,0.0,0.0,-0.1,-0.099999,0.2,0.2,-0.1,-0.1,0.0,0.0,-0.12,-0.12,-0.0,1e-06,-0.1,-0.1,0.2,0.2,-0.1,-0.1,0.0,0.0
1787225930.555883,2.0,99,1.319142,1.29857,1.182505,1.248532,0.251655,0.272231,-0.388292,-0.322272,-1.411605,-1.288465,0.575618,0.652393,0.875859,0.878266,-0.490727,-0.468546,-0.12,-0.119999,0.0,0.0,-0.1,-0.099999,0.2,0.2,-0.1,-0.1,0.0,0.0,-0.12,-0.12,-0.0,1e-06,-0.1,-0.1,0.2,0.2,-0.1,-0.1,0.0,0.0
1787225930.576686,2.02,100,1.319142,1.302684,1.182505,1.235331,0.251655,0.268116,-0.388292,-0.33547,-1.411605,-1.313092,0.575618,0.637039,0.875859,0.877785,-0.490727,-0.472982,-0.12,-0.119999,0.0,0.0,-0.1,-0.099999,0.2,0.2,-0.1,-0.1,0.0,0.0,-0.12,-0.12,-0.0,1e-06,-0.1,-0.1,0.2,0.2,-0.1,-0.1,0.0,0.0
1787225930.5972,2.04,101,1.273847,1.305975,1.135429,1.22477,0.29695,0.264824,-0.435367,-0.34603,-1.464809,-1.332794,0.512189,0.624756,0.829623,0.877399,-0.497727,-0.476531,-0.12,-0.119999,0.0,0.0,-0.1,-0.099999,0.2,0.2,-0.1,-0.1,0.0,0.0,-0.12,-0.12,-0.0,1e-06,-0.1,-0.1,0.2,0.2,-0.1,-0.1,0.0,0.0
1787225930.616871,2.06,102,1.273847,1.29955,1.135429,1.206909,0.29695,0.271248,-0.435367,-0.363889,-1.464809,-1.359194,0.512189,0.602245,0.829623,0.867845,-0.497727,-0.480771,-0.12,-0.12,0.0,-0.0,-0.1,-0.1,0.2,0.2,-0.1,-0.1,0.0,-0.0,-0.12,-0.12,-0.0,0.0,-0.1,-0.1,0.2,0.2,-0.1,-0.1,0.0,0.0
1787225930.64102,2.08,103,1.392523,1.29441,1.076797,1.192619,0.178075,0.276389,-0.493999,-0.378177,-1.496732,-1.380316,0.674037,0.584234,0.911815,0.860202,-0.483064,-0.484163,-0.12,-0.12,0.0,-1e-06,-0.1,-0.1,0.2,0.2,-0.1,-0.1,0.0,-0.0,-0.12,-0.12,-0.0,0.0,-0.1,-0.1,0.2,0.2,-0.1,-0.1,0.0,0.0
1787225930.659826,2.1,104,1.392523,1.314027,1.076797,1.169467,0.178075,0.256728,-0.493999,-0.401326,-1.496732,-1.403595,0.674037,0.602187,0.911815,0.870524,-0.483064,-0.483944,-0.12,-0.12,0.0,-0.0,-0.1,-0.1,0.2,0.2,-0.1,-0.1,0.0,-0.0,-0.12,-0.12,-0.0,0.0,-0.1,-0.1,0.2,0.2,-0.1,-0.1,0.0,0.0
1787225930.683733,2.12,105,1.417838,1.329722,1.029327,1.150946,0.06085,0.241001,-0.541469,-0.419848,-1.380735,-1.422221,0.732091,0.616554,0.903184,0.878782,-0.26596,-0.483768,-0.12,-0.119999,0.0,0.0,-0.1,-0.099999,0.2,0.2,-0.1,-0.1,0.0,-0.0,-0.12,-0.12,-0.0,1e-06,-0.1,-0.1,0.2,0.2,-0.1,-0.1,0.0,0.0
1787225930.709146,2.14,106,1.417838,1.347325,1.029327,1.12664,0.06085,0.204979,-0.541469,-0.444148,-1.380735,-1.413928,0.732091,0.63965,0.903184,0.883732,-0.26596,-0.440221,-0.12,-0.119999,0.0,0.0,-0.1,-0.099999,0.2,0.2,-0.1,-0.1,0.0,-0.0,-0.12,-0.119999,-0.0,0.0,-0.1,-0.099999,0.2,0.2,-0.1,-0.1,0.0,0.0
1787225930.725355,2.16,107,1.417838,1.361409,1.029327,1.107194,0.06085,0.176161,-0.541469,-0.463591,-1.380735,-1.407292,0.732091,0.658133,0.903184,0.88767,-0.26596,-0.405378,-0.12,-0.119999,0.0,0.0,-0.1,-0.099999,0.2,0.2,-0.1,-0.1,0.0,-0.0,-0.12,-0.119999,-0.0,0.0,-0.1,-0.099999,0.2,0.2,-0.1,-0.1,0.0,0.0
1787225930.746798,2.18,108,1.444963,1.37268,0.998344,1.091633,0.002452,0.153104,-0.572452,-0.479149,-1.234036,-1.401981,0.700869,0.672923,0.953824,0.890803,0.046373,-0.3775,-0.12,-0.119999,0.0,0.0,-0.1,-0.099999,0.2,0.2,-0.1,-0.1,0.0,-0.0,-0.12,-0.119999,-0.0,0.0,-0.1,-0.099999,0.2,0.2,-0.1,-0.1,0.0,0.0
1787225930.764315,2.2,109,1.444963,1.387115,0.998344,1.072991,0.002452,0.122981,-0.572452,-0.497788,-1.234036,-1.368402,0.700869,0.678512,0.953824,0.903611,0.046373,-0.305671,-0.12,-0.119999,0.0,0.0,-0.1,-0.099999,0.2,0.2,-0.1,-0.1,0.0,-0.0,-0.12,-0.119999,-0.0,-0.0,-0.1,-0.099999,0.2,0.2,-0.1,-0.1,0.0,0.0
1787225930.782975,2.22,110,1.444963,1.39867,0.998344,1.058075,0.002452,0.09888,-0.572452,-0.512705,-1.234036,-1.341532,0.700869,0.682984,0.953824,0.913837,0.046373,-0.235327,-0.12,-0.119999,0.0,0.0,-0.1,-0.099999,0.2,0.2,-0.1,-0.1,0.0,-0.0,-0.12,-0.119999,-0.0,-0.0,-0.1,-0.099999,0.2,0.2,-0.1,-0.1,0.0,0.0
1787225930.802482,2.24,111,1.444963,1.407919,0.998344,1.046139,0.002452,0.079598,-0.572452,-0.524642,-1.234036,-1.320034,0.700869,0.686562,0.953824,0.921938,0.046373,-0.179029,-0.12,-0.119999,0.0,0.0,-0.1,-0.099999,0.2,0.2,-0.1,-0.1,0.0,-0.0,-0.12,-0.119999,-0.0,-0.0,-0.1,-0.099999,0.2,0.2,-0.1,-0.1,0.0,0.0
1787225930.819807,2.26,112,1.444963,1.415321,0.998344,1.036588,0.002452,0.064171,-0.572452,-0.534196,-1.234036,-1.302834,0.700869,0.689424,0.953824,0.928371,0.046373,-0.133974,-0.12,-0.119999,0.0,0.0,-0.1,-0.099999,0.2,0.2,-0.1,-0.1,0.0,-0.0,-0.12,-0.119999,-0.0,-0.0,-0.1,-0.099999,0.2,0.2,-0.1,-0.1,0.0,0.0
1787225930.839554,2.28,113,1.444963,1.421245,0.998344,1.028944,0.002452,0.051829,-0.572452,-0.541841,-1.234036,-1.289074,0.700869,0.691713,0.953824,0.933491,0.046373,-0.097921,-0.12,-0.119999,0.0,0.0,-0.1,-0.099999,0.2,0.2,-0.1,-0.1,0.0,-0.0,-0.12,-0.119999,-0.0,-0.0,-0.1,-0.099999,0.2,0.2,-0.1,-0.1,0.0,0.0
1787225930.862116,2.3,114,1.444963,1.425985,0.998344,1.022827,0.002452,0.041954,-0.572452,-0.547959,-1.234036,-1.278066,0.700869,0.693545,0.953824,0.937574,0.046373,-0.069072,-0.12,-0.119999,0.0,-0.0,-0.1,-0.099999,0.2,0.2,-0.1,-0.1,0.0,-0.0,-0.12,-0.119999,-0.0,-0.0,-0.1,-0.099999,0.2,0.2,-0.1,-0.1,0.0,0.0
1787225930.882204,2.32,115,1.444963,1.429779,0.998344,1.017933,0.002452,0.034054,-0.572452,-0.552855,-1.234036,-1.26926,0.700869,0.69501,0.953824,0.940833,0.046373,-0.04599,-0.12,-0.119999,0.0,-0.0,-0.1,-0.099999,0.2,0.2,-0.1,-0.1,0.0,-0.0,-0.12,-0.119999,-0.0,-0.0,-0.1,-0.099999,0.2,0.2,-0.1,-0.1,0.0,0.0
1787225930.903275,2.34,116,1.444963,1.432814,0.998344,1.014017,0.002452,0.027734,-0.572452,-0.556773,-1.234036,-1.262214,0.700869,0.696182,0.953824,0.943436,0.046373,-0.027521,-0.12,-0.119999,0.0,-0.0,-0.1,-0.099999,0.2,0.2,-0.1,-0.1,0.0,0.0,-0.12,-0.119999,-0.0,-0.0,-0.1,-0.099999,0.2,0.2,-0.1,-0.1,0.0,0.0
1787225930.923936,2.36,117,1.444963,1.435243,0.998344,1.010883,0.002452,0.022678,-0.572452,-0.559908,-1.234036,-1.256578,0.700869,0.697119,0.953824,0.945516,0.046373,-0.012745,-0.12,-0.119999,0.0,-0.0,-0.1,-0.099999,0.2,0.2,-0.1,-0.1,0.0,0.0,-0.12,-0.119999,-0.0,-0.0,-0.1,-0.099999,0.2,0.2,-0.1,-0.1,0.0,0.0
1787225930.948608,2.38,118,1.447388,1.437186,0.94399,1.008376,0.049379,0.018633,-0.626806,-0.562416,-0.801549,-1.25207,0.671607,0.697869,0.821877,0.947179,0.233773,-0.000923,-0.12,-0.119999,0.0,-0.0,-0.1,-0.099999,0.2,0.2,-0.1,-0.1,0.0,0.0,-0.12,-0.119999,-0.0,-0.0,-0.1,-0.099999,0.2,0.2,-0.1,-0.1,0.0,0.0
1787225930.969476,2.4,119,1.447388,1.439227,0.94399,0.995503,0.049379,0.024782,-0.626806,-0.575289,-0.801549,-1.1802,0.671607,0.692618,0.821877,0.922235,0.233773,0.04607,-0.12,-0.119999,0.0,-0.0,-0.1,-0.099999,0.2,0.2,-0.1,-0.1,0.0,0.0,-0.12,-0.119998,-0.0,-0.0,-0.1,-0.099999,0.2,0.2,-0.1,-0.1,0.0,-0.0
1787225930.989708,2.42,120,1.447388,1.440861,0.94399,0.985203,0.049379,0.029701,-0.626806,-0.585588,-0.801549,-1.108329,0.671607,0.688416,0.821877,0.902269,0.233773,0.083643,-0.12,-0.119999,0.0,-0.0,-0.1,-0.099999,0.2,0.2,-0.1,-0.1,0.0,0.0,-0.12,-0.119998,-0.0,-0.0,-0.1,-0.099999,0.2,0.2,-0.1,-0.1,0.0,-0.0
1787225931.014854,2.44,121,1.473396,1.442167,1.006938,0.976962,0.006272,0.033637,-0.563858,-0.593828,-0.514023,-1.046991,0.594925,0.685054,1.327394,0.886271,-0.128517,0.113685,-0.12,-0.119999,0.0,-0.0,-0.1,-0.099999,0.2,0.2,-0.1,-0.1,0.0,0.0,-0.12,-0.119998,-0.0,-0.0,-0.1,-0.099999,0.2,0.2,-0.1,-0.1,0.0,-0.0
1787225931.031,2.46,122,1.473396,1.448411,1.006938,0.982938,0.006272,0.028164,-0.563858,-0.587819,-0.514023,-0.975151,0.594925,0.667031,1.327394,0.96882,-0.128517,0.065384,-0.12,-0.119999,0.0,0.0,-0.1,-0.099999,0.2,0.2,-0.1,-0.1,0.0,0.0,-0.12,-0.119999,-0.0,0.0,-0.1,-0.099999,0.2,0.2,-0.1,-0.1,0.0,0.0
1787225931.049592,2.48,123,1.473396,1.453412,1.006938,0.987723,0.006272,0.023791,-0.563858,-0.583015,-0.514023,-0.90328,0.594925,0.652611,1.327394,1.040403,-0.128517,0.026955,-0.12,-0.119999,0.0,0.0,-0.1,-0.099999,0.2,0.2,-0.1,-0.1,0.0,0.0,-0.12,-0.119999,-0.0,0.0,-0.1,-0.099999,0.2,0.2,-0.1,-0.1,0.0,0.0
1787225931.070237,2.5,124,1.473396,1.45741,1.006938,0.991561,0.006272,0.020289,-0.563858,-0.579181,-0.514023,-0.831427,0.594925,0.641074,1.327394,1.097706,-0.128517,-0.003773,-0.12,-0.119999,0.0,0.0,-0.1,-0.099999,0.2,0.2,-0.1,-0.1,0.0,0.0,-0.12,-0.119999,-0.0,0.0,-0.1,-0.099999,0.2,0.2,-0.1,-0.1,0.0,-0.0
1787225931.087833,2.52,125,1.473396,1.460607,1.006938,0.994635,0.006272,0.017486,-0.563858,-0.576117,-0.514023,-0.767976,0.594925,0.631845,1.327394,1.143569,-0.128517,-0.028439,-0.12,-0.119999,0.0,0.0,-0.1,-0.099999,0.2,0.2,-0.1,-0.1,0.0,0.0,-0.12,-0.119999,-0.0,0.0,-0.1,-0.099999,0.2,0.2,-0.1,-0.1,0.0,-0.0
1787225931.108736,2.54,126,1.473396,1.463165,1.006938,0.997095,0.006272,0.015244,-0.563858,-0.573665,-0.514023,-0.7172,0.594925,0.624461,1.327394,1.180273,-0.128517,-0.048262,-0.12,-0.119999,0.0,0.0,-0.1,-0.099999,0.2,0.2,-0.1,-0.1,0.0,0.0,-0.12,-0.119999,-0.0,0.0,-0.1,-0.099999,0.2,0.2,-0.1,-0.1,0.0,-0.0
1787225931.130177,2.56,127,1.473396,1.465212,1.006938,0.999063,0.006272,0.01345,-0.563858,-0.571704,-0.514023,-0.676572,0.594925,0.618554,1.327394,1.209651,-0.128517,-0.064185,-0.12,-0.119999,0.0,1e-06,-0.1,-0.099999,0.2,0.200001,-0.1,-0.1,0.0,0.0,-0.12,-0.119999,-0.0,0.0,-0.1,-0.099999,0.2,0.200001,-0.1,-0.1,0.0,-0.0
1787225931.151828,2.58,128,1.473396,1.466848,1.006938,1.000638,0.006272,0.012014,-0.563858,-0.570135,-0.514023,-0.644066,0.594925,0.613828,1.327394,1.233166,-0.128517,-0.076967,-0.12,-0.119999,0.0,1e-06,-0.1,-0.099999,0.2,0.200001,-0.1,-0.1,0.0,0.0,-0.12,-0.119999,-0.0,0.0,-0.1,-0.099999,0.2,0.200001,-0.1,-0.1,0.0,-0.0
1787225931.170384,2.6,129,1.473396,1.468158,1.006938,1.001898,0.006272,0.010866,-0.563858,-0.56888,-0.514023,-0.618059,0.594925,0.610047,1.327394,1.251988,-0.128517,-0.087223,-0.12,-0.119999,0.0,1e-06,-0.1,-0.099999,0.2,0.200001,-0.1,-0.1,0.0,0.0,-0.12,-0.119999,-0.0,0.0,-0.1,-0.099999,0.2,0.200001,-0.1,-0.1,0.0,-0.0
1787225931.189799,2.62,130,1.473396,1.469206,1.006938,1.002906,0.006272,0.009947,-0.563858,-0.567876,-0.514023,-0.597253,0.594925,0.607023,1.327394,1.267053,-0.128517,-0.095446,-0.12,-0.119998,0.0,1e-06,-0.1,-0.099999,0.2,0.200001,-0.1,-0.1,0.0,0.0,-0.12,-0.119999,-0.0,0.0,-0.1,-0.099999,0.2,0.200001,-0.1,-0.1,0.0,-0.0
1787225931.215767,2.64,131,1.370232,1.470044,0.385604,1.003712,0.145887,0.009212,-0.212651,-0.567072,-0.546611,-0.580607,0.759127,0.604603,1.630704,1.27911,0.128839,-0.102037,-0.12,-0.119998,0.0,1e-06,-0.1,-0.099999,0.2,0.200001,-0.1,-0.1,0.0,0.0,-0.12,-0.119999,-0.0,0.0,-0.1,-0.099999,0.2,0.200001,-0.1,-0.1,0.0,-0.0
1787225931.238125,2.66,132,1.370232,1.450165,0.385604,0.921344,0.145887,0.036598,-0.212651,-0.496137,-0.546611,-0.573811,0.759127,0.635391,1.630704,1.349491,0.128839,-0.055899,-0.12,-0.119999,0.0,0.0,-0.1,-0.099999,0.2,0.200001,-0.1,-0.1,0.0,0.0,-0.12,-0.119999,-0.0,0.0,-0.1,-0.099999,0.2,0.200001,-0.1,-0.1,0.0,-0.0
1787225931.261156,2.68,133,1.310502,1.434182,0.815498,0.838904,0.227487,0.058444,-0.083407,-0.439799,-0.636225,-0.568373,0.522552,0.660063,0.638035,1.405716,0.283252,-0.019039,-0.12,-0.119999,0.0,0.0,-0.1,-0.099999,0.2,0.200001,-0.1,-0.1,0.0,0.0,-0.12,-0.119999,-0.0,0.0,-0.1,-0.099999,0.2,0.200001,-0.1,-0.1,0.0,-0.0
1787225931.280163,2.7,134,1.310502,1.409414,0.815498,0.834452,0.227487,0.092192,-0.083407,-0.368578,-0.636225,-0.581936,0.522552,0.632602,0.638035,1.323155,0.283252,0.041526,-0.12,-0.119999,0.0,0.0,-0.1,-0.099999,0.2,0.200001,-0.1,-0.1,0.0,0.0,-0.12,-0.119999,-0.0,-0.0,-0.1,-0.099999,0.2,0.200001,-0.1,-0.1,0.0,-0.0
1787225931.301415,2.72,135,1.310502,1.389635,0.815498,0.830843,0.227487,0.119215,-0.083407,-0.311575,-0.636225,-0.592791,0.522552,0.610607,0.638035,1.240713,0.283252,0.089857,-0.12,-0.119999,0.0,0.0,-0.1,-0.099999,0.2,0.200001,-0.1,-0.1,0.0,0.0,-0.12,-0.119999,-0.0,-0.0,-0.1,-0.099999,0.2,0.200001,-0.1,-0.1,0.0,-0.0
1787225931.322649,2.74,136,1.368185,1.37382,1.093657,0.827907,0.182927,0.140844,-0.026084,-0.265959,-0.636225,-0.601476,0.376284,0.593001,0.60584,1.158307,0.3759,0.128467,-0.12,-0.119999,0.0,0.0,-0.1,-0.099999,0.2,0.200001,-0.1,-0.1,0.0,0.0,-0.12,-0.119999,-0.0,-0.0,-0.1,-0.099999,0.2,0.200001,-0.1,-0.1,0.0,-0.0
1787225931.340868,2.76,137,1.368185,1.372694,1.093657,0.881126,0.182927,0.14926,-0.026084,-0.217837,-0.636225,-0.608426,0.376284,0.549712,0.60584,1.076089,0.3759,0.177892,-0.12,-0.119999,0.0,-0.0,-0.1,-0.099999,0.2,0.200001,-0.1,-0.1,0.0,0.0,-0.12,-0.119999,-0.0,-0.0,-0.1,-0.099999,0.2,0.200001,-0.1,-0.1,0.0,-0.0
1787225931.363153,2.78,138,1.44794,1.371795,1.258355,0.923652,0.108469,0.155993,-0.041808,-0.179433,-0.395698,-0.613986,0.30326,0.515045,1.197772,0.993825,0.431489,0.217359,-0.12,-0.119999,0.0,-0.0,-0.1,-0.099999,0.2,0.200001,-0.1,-0.1,0.0,0.0,-0.12,-0.119999,-0.0,-0.0,-0.1,-0.099999,0.2,0.200001,-0.1,-0.1,0.0,-0.0
1787225931.38239,2.8,139,1.44794,1.387012,1.258355,0.990571,0.108469,0.14649,-0.041808,-0.15191,-0.395698,-0.570341,0.30326,0.472752,1.197772,1.034918,0.431489,0.260306,-0.12,-0.119999,0.0,0.0,-0.1,-0.099999,0.2,0.200001,-0.1,-0.1,0.0,0.0,-0.12,-0.119999,-0.0,0.0,-0.1,-0.099999,0.2,0.2,-0.1,-0.1,0.0,-0.0
1787225931.401381,2.82,140,1.463945,1.399193,1.324695,1.044092,0.031944,0.138892,-0.083721,-0.12992,-0.262502,-0.535419,0.29096,0.438885,1.55293,1.067627,0.464842,0.294628,-0.12,-0.119998,0.0,0.0,-0.1,-0.099999,0.2,0.2,-0.1,-0.1,0.0,0.0,-0.12,-0.119999,-0.0,0.0,-0.1,-0.099999,0.2,0.2,-0.1,-0.1,0.0,-0.0
1787225931.418967,2.84,141,1.463945,1.412138,1.324695,1.100176,0.031944,0.117516,-0.083721,-0.120689,-0.262502,-0.480863,0.29096,0.409333,1.55293,1.15032,0.464842,0.328868,-0.12,-0.119998,0.0,0.0,-0.1,-0.099999,0.2,0.2,-0.1,-0.1,0.0,0.0,-0.12,-0.119999,-0.0,0.0,-0.1,-0.099999,0.2,0.2,-0.1,-0.1,0.0,-0.0
1787225931.447461,2.86,142,1.466716,1.422494,1.324695,1.145056,-0.020803,0.100411,-0.083721,-0.11332,-0.171464,-0.437204,0.29096,0.385677,1.766026,1.230758,0.484854,0.356237,-0.12,-0.119998,0.0,0.0,-0.1,-0.099999,0.2,0.2,-0.1,-0.1,0.0,0.0,-0.12,-0.119999,-0.0,0.0,-0.1,-0.099999,0.2,0.2,-0.1,-0.1,0.0,-0.0
1787225931.463357,2.88,143,1.466716,1.431326,1.324695,1.180969,-0.020803,0.076176,-0.083721,-0.10743,-0.171464,-0.384078,0.29096,0.366742,1.766026,1.313326,0.484854,0.382129,-0.12,-0.119998,0.0,0.0,-0.1,-0.099999,0.2,0.2,-0.1,-0.1,0.0,0.0,-0.12,-0.119999,-0.0,0.0,-0.1,-0.099999,0.2,0.2,-0.1,-0.1,0.0,-0.0
1787225931.486649,2.9,144,1.47883,1.438392,1.324695,1.209705,-0.041999,0.056786,-0.083721,-0.102717,-0.139631,-0.341566,0.29096,0.35159,1.893883,1.395881,0.496861,0.402839,-0.12,-0.119998,0.0,1e-06,-0.1,-0.099999,0.2,0.2,-0.1,-0.1,0.0,0.0,-0.12,-0.119999,-0.0,0.0,-0.1,-0.099999,0.2,0.2,-0.1,-0.1,0.0,-0.0
1787225931.508107,2.92,145,1.47883,1.446466,1.324695,1.232698,-0.041999,0.037034,-0.083721,-0.098939,-0.139631,-0.301189,0.29096,0.339466,1.893883,1.478432,0.496861,0.421789,-0.12,-0.119998,0.0,1e-06,-0.1,-0.099999,0.2,0.2,-0.1,-0.1,0.0,0.0,-0.12,-0.119999,-0.0,0.0,-0.1,-0.099999,0.2,0.2,-0.1,-0.1,0.0,-0.0
1787225931.527503,2.94,146,1.47883,1.452929,1.324695,1.251093,-0.041999,0.021232,-0.083721,-0.095909,-0.139631,-0.268882,0.29096,0.329766,1.893883,1.560996,0.496861,0.436937,-0.12,-0.119998,0.0,1e-06,-0.1,-0.099999,0.2,0.2,-0.1,-0.1,0.0,0.0,-0.12,-0.119999,-0.0,0.0,-0.1,-0.099999,0.2,0.2,-0.1,-0.1,0.0,-0.0
1787225931.546926,2.96,147,1.488556,1.458102,1.324695,1.265811,-0.052261,0.008589,-0.083721,-0.093479,-0.108997,-0.243033,0.29096,0.322005,1.970597,1.627485,0.504066,0.448985,-0.12,-0.119998,0.193697,1e-06,-0.348823,-0.099999,0.151,0.2,0.047,-0.1,-0.193697,0.0,-0.12,-0.119999,-0.0,0.0,-0.1,-0.099999,0.2,0.2,-0.1,-0.1,0.0,-0.0
1787225931.565917,2.98,148,1.488556,1.464186,1.324695,1.277586,-0.052261,-0.003577,-0.083721,-0.091529,-0.108997,-0.216229,0.29096,0.315797,1.970597,1.696001,0.504066,0.460198,-0.12,-0.119998,0.251806,0.035356,-0.42347,-0.149751,0.1363,0.190207,0.0911,-0.070613,-0.251806,-0.035356,-0.12,-0.119999,-0.0,0.0,-0.1,-0.099999,0.2,0.2,-0.1,-0.1,0.0,-0.0
1787225931.585598,3.0,149,1.488556,1.469057,1.324695,1.287006,-0.052261,-0.01331,-0.083721,-0.089965,-0.108997,-0.194783,0.29096,0.31083,1.970597,1.750858,0.504066,0.469061,-0.12,-0.119998,0.269239,0.070713,-0.445864,-0.204135,0.13189,0.179435,0.10433,-0.03829,-0.269239,-0.07071,-0.12,-0.119999,-0.0,0.0,-0.1,-0.099999,0.2,0.2,-0.1,-0.1,0.0,-0.0
1787225931.607829,3.02,150,1.466981,1.472955,1.324695,1.294543,-0.085827,-0.021097,-0.083721,-0.088716,-0.112768,-0.177626,0.29096,0.306856,2.016626,1.794777,0.508388,0.47605,-0.12,-0.119998,0.274469,0.10607,-0.446405,-0.252467,0.130567,0.169933,0.108299,-0.009782,-0.274469,-0.106064,-0.12,-0.119999,-0.0,0.0,-0.1,-0.099999,0.2,0.200001,-0.1,-0.1,0.0,-0.0
1787225931.626397,3.04,151,1.466981,1.471758,1.324695,1.300572,-0.085827,-0.034043,-0.083721,-0.087716,-0.112768,-0.164653,0.29096,0.303677,2.016626,1.839136,0.508388,0.482417,-0.12,-0.119998,0.276038,0.139747,-0.446567,-0.291245,0.13017,0.162065,0.10949,0.013824,-0.276038,-0.139741,-0.12,-0.119999,-0.0,0.0,-0.1,-0.099999,0.2,0.200001,-0.1,-0.1,0.0,-0.0
1787225931.651531,3.06,152,1.496655,1.4708,1.324695,1.305396,-0.063348,-0.0444,-0.083721,-0.086914,-0.081623,-0.154275,0.29096,0.301134,2.044243,1.874605,0.510982,0.487693,-0.12,-0.119999,0.276508,0.167005,-0.711947,-0.322306,1.225047,0.155687,-0.575172,0.032953,-0.276508,-0.166998,-0.12,-0.119999,-0.0,0.0,-0.52,-0.099999,1.04,0.200001,-0.52,-0.1,0.0,0.0
1787225931.671301,3.08,153,1.496655,1.47597,1.324695,1.309256,-0.063348,-0.048188,-0.083721,-0.086276,-0.081623,-0.139745,0.29096,0.299099,2.044243,1.90851,0.510982,0.492427,-0.12,-0.119999,0.276649,0.188905,-0.791561,-0.376694,1.55351,0.210076,-0.780571,-0.021433,-0.276649,-0.188894,-0.12,-0.119999,-0.0,0.0,-0.646,-0.154388,1.292,0.254391,-0.646,-0.15439,0.0,-0.0
1787225931.692154,3.1,154,1.501622,1.480108,1.324695,1.312343,-0.062699,-0.051218,-0.083721,-0.085764,-0.067778,-0.128121,0.29096,0.297471,2.060813,1.935647,0.512538,0.496157,-0.12,-0.119999,0.276692,0.206453,-0.811851,-0.431081,1.642654,0.264462,-0.83639,-0.075818,-0.276692,-0.206442,-0.12,-0.119999,-0.0,0.0,-0.6838,-0.208776,1.3676,0.308779,-0.6838,-0.208778,0.0,-0.0
1787225931.712112,3.12,155,1.501622,1.484411,1.324695,1.314814,-0.062699,-0.053512,-0.083721,-0.085355,-0.067778,-0.116052,0.29096,0.296169,2.060813,1.960673,0.512538,0.499444,-0.12,-0.119999,0.276705,0.220501,-0.817939,-0.485468,1.669398,0.318849,-0.853135,-0.130208,-0.276705,-0.22049,-0.12,-0.119999,-0.0,0.0,-0.69514,-0.263163,1.39028,0.363167,-0.69514,-0.263166,0.0,-0.0
1787225931.730989,3.14,156,1.501622,1.487853,1.324695,1.31679,-0.062699,-0.055348,-0.083721,-0.085028,-0.067778,-0.106397,0.29096,0.295127,2.060813,1.980697,0.512538,0.502069,-0.12,-0.119999,0.276708,0.231742,-0.819765,-0.539855,1.677421,0.373235,-0.858159,-0.184594,-0.276708,-0.231734,-0.12,-0.119999,-0.0,0.0,-0.698542,-0.31755,1.397084,0.417554,-0.698542,-0.317553,0.0,-0.0
1787225931.753146,3.16,157,1.501323,1.490607,1.324695,1.318371,-0.065587,-0.056817,-0.083721,-0.084766,-0.054629,-0.098673,0.29096,0.294294,2.070755,1.996717,0.513472,0.504166,-0.12,-0.119999,0.27671,0.240735,-0.817646,-0.594241,1.675144,0.427622,-0.857649,-0.23898,-0.27671,-0.24073,-0.12,-0.119999,-0.0,0.0,-0.699563,-0.371937,1.399125,0.471942,-0.699563,-0.37194,0.0,-0.0
1787225931.769358,3.18,158,1.501323,1.49275,1.324695,1.319636,-0.065587,-0.058571,-0.083721,-0.084557,-0.054629,-0.089864,0.29096,0.293627,2.070755,2.011523,0.513472,0.506028,-0.12,-0.119999,0.27671,0.24793,-0.81701,-0.638915,1.674461,0.482015,-0.857496,-0.293372,-0.27671,-0.247928,-0.12,-0.119999,-0.0,0.0,-0.699869,-0.426324,1.399738,0.526329,-0.699869,-0.426327,0.0,-0.0
1787225931.793059,3.2,159,1.505923,1.494465,1.324695,1.320648,-0.016163,-0.059975,-0.083721,-0.08439,-0.04674,-0.082817,0.29096,0.293093,2.076721,2.023368,0.514032,0.507517,-0.12,-0.119999,0.27671,0.253686,-0.810392,-0.67453,1.660272,0.53641,-0.849894,-0.347768,-0.27671,-0.253687,-0.12,-0.12,-0.0,0.0,-0.699961,-0.48072,1.399921,0.580715,-0.699961,-0.480714,0.0,-0.0
1787225931.811517,3.22,160,1.505923,1.496758,1.324695,1.321457,-0.016163,-0.051212,-0.083721,-0.084256,-0.04674,-0.075602,0.29096,0.292667,2.076721,2.034037,0.514032,0.508825,-0.12,-0.119999,0.27671,0.258291,-0.808406,-0.7017,1.656015,0.590806,-0.847613,-0.402164,-0.27671,-0.258293,-0.12,-0.12,-0.0,0.0,-0.699988,-0.524552,1.399976,0.635108,-0.699988,-0.52456,0.0,-0.0
1787225931.834021,3.24,161,1.516292,1.498591,1.324695,1.322105,0.005882,-0.044202,-0.083721,-0.084149,-0.108454,-0.06983,0.29096,0.292325,2.0803,2.042573,0.514368,0.50987,-0.12,-0.119999,0.27671,0.261975,-0.798724,-0.72304,1.644054,0.645202,-0.845332,-0.45656,-0.27671,-0.261978,-0.12,-0.12,-0.0,0.0,-0.699996,-0.559635,1.399993,0.689504,-0.699996,-0.559645,0.0,-0.0
1787225931.854329,3.26,162,1.516292,1.502132,1.324695,1.322623,0.005882,-0.034186,-0.083721,-0.084064,-0.108454,-0.077555,0.29096,0.292052,2.0803,2.050117,0.514368,0.510773,-0.12,-0.119999,0.27671,0.264922,-0.795819,-0.738176,1.640466,0.699597,-0.844647,-0.510955,-0.27671,-0.264925,-0.12,-0.12,-0.0,0.0,-0.699999,-0.587705,1.399998,0.743901,-0.699999,-0.587714,0.0,-0.0
1787225931.878099,3.28,163,1.528341,1.504964,1.324695,1.323037,0.013282,-0.026172,-0.083721,-0.083995,-0.113467,-0.083735,0.29096,0.291834,2.082447,2.056153,0.51457,0.511495,-0.12,-0.119999,0.27671,0.267279,-0.787101,-0.749705,1.624109,0.75399,-0.837008,-0.565348,-0.27671,-0.267282,-0.12,-0.12,-0.0,0.0,-0.7,-0.610163,1.399999,0.798297,-0.7,-0.610168,0.0,-0.0
1787225931.897094,3.3,164,1.528341,1.509639,1.324695,1.323369,0.013282,-0.018281,-0.083721,-0.08394,-0.113467,-0.089681,0.29096,0.291659,2.082447,2.061411,0.51457,0.512112,-0.12,-0.119999,0.27671,0.269166,-0.784485,-0.757184,1.619202,0.808381,-0.834717,-0.619671,-0.27671,-0.269168,-0.12,-0.12,-0.0,0.0,-0.7,-0.62813,1.4,0.852693,-0.7,-0.628131,0.0,-0.0
1787225931.917989,3.32,165,1.507622,1.513379,1.324695,1.323634,-0.029732,-0.011969,-0.083721,-0.083896,-0.110846,-0.094438,0.29096,0.291519,2.083736,2.065618,0.514691,0.512605,-0.12,-0.119999,0.27671,0.270674,-0.7781,-0.762644,1.610847,0.862771,-0.832746,-0.66267,-0.27671,-0.270676,-0.12,-0.12,-0.0,0.0,-0.7,-0.642503,1.4,0.907087,-0.7,-0.642501,0.0,-0.0
1787225931.934078,3.34,166,1.507622,1.512228,1.324695,1.323847,-0.029732,-0.015521,-0.083721,-0.083861,-0.110846,-0.09772,0.29096,0.291407,2.083736,2.069241,0.514691,0.513023,-0.12,-0.119999,0.27671,0.271882,-0.776185,-0.765735,1.60834,0.91716,-0.832155,-0.696674,-0.27671,-0.271882,-0.12,-0.12,-0.0,0.0,-0.7,-0.654002,1.4,0.96148,-0.7,-0.653996,0.0,-0.0
1787225931.953868,3.36,167,1.507622,1.511307,1.324695,1.324016,-0.029732,-0.018363,-0.083721,-0.083833,-0.110846,-0.100345,0.29096,0.291318,2.083736,2.07214,0.514691,0.513357,-0.12,-0.119999,0.27671,0.272847,-0.77561,-0.767825,1.607588,0.971548,-0.831978,-0.72376,-0.27671,-0.272846,-0.12,-0.12,-0.0,0.0,-0.7,-0.663202,1.4,1.015873,-0.7,-0.663193,0.0,-0.0
1787225931.974147,3.38,168,1.468532,1.51057,1.324695,1.324152,-0.082199,-0.020637,-0.083721,-0.083811,-0.108409,-0.102445,0.29096,0.291246,2.084509,2.074459,0.514763,0.513625,-0.12,-0.119999,-0.110684,0.27362,-0.77828,-0.769382,1.597381,1.025935,-0.819101,-0.745393,0.110684,-0.273618,-0.12,-0.12,-0.0,0.0,-0.7,-0.670561,1.4,1.070264,-0.7,-0.670551,0.0,-0.0
1787225931.993711,3.4,169,1.468532,1.502173,1.324695,1.324261,-0.082199,-0.032955,-0.083721,-0.083793,-0.108409,-0.103638,0.29096,0.291189,2.084509,2.076469,0.514763,0.513851,-0.12,-0.119999,-0.226902,0.238263,-0.779081,-0.77116,1.594319,1.080309,-0.815238,-0.760123,0.226902,-0.238276,-0.12,-0.12,-0.0,0.0,-0.7,-0.676449,1.4,1.124654,-0.7,-0.676438,0.0,-0.0
1787225932.016074,3.42,170,1.441951,1.495447,1.324695,1.324348,-0.116806,-0.042804,-0.083721,-0.083779,-0.108409,-0.104592,0.29096,0.291143,1.865084,2.078077,0.514807,0.514032,-0.12,-0.119999,-0.261768,0.202906,-0.768764,-0.772743,1.58278,1.134686,-0.814015,-0.771137,0.261768,-0.202935,-0.12,-0.12,-0.0,0.0,-0.7,-0.681159,1.4,1.179043,-0.7,-0.681147,0.0,-0.0
1787225932.039874,3.44,171,1.441951,1.484751,1.324695,1.324417,-0.116806,-0.057603,-0.083721,-0.083767,-0.108409,-0.105355,0.29096,0.291106,1.865084,2.035485,0.514807,0.514266,-0.12,-0.119999,-0.272227,0.167548,-0.765669,-0.771947,1.579318,1.189066,-0.813649,-0.779707,0.272227,-0.167596,-0.12,-0.119999,-0.0,0.0,-0.7,-0.684927,1.4,1.223229,-0.7,-0.684917,0.0,-0.0
1787225932.06201,3.46,172,1.441951,1.47619,1.324695,1.324473,-0.116806,-0.069439,-0.083721,-0.083758,-0.108409,-0.105966,0.29096,0.291077,1.865084,2.001409,0.514807,0.514434,-0.12,-0.119999,-0.275365,0.132191,-0.764741,-0.770692,1.578279,1.243447,-0.813539,-0.78649,0.275365,-0.132259,-0.12,-0.119999,-0.0,-0.0,-0.7,-0.687941,1.4,1.258581,-0.7,-0.687933,0.0,-0.0
1787225932.0816,3.48,173,1.441951,1.469341,1.324695,1.324517,-0.116806,-0.078908,-0.083721,-0.083751,-0.108409,-0.106455,0.29096,0.291054,1.865084,1.974146,0.514807,0.514551,-0.12,-0.119999,-0.276307,0.096834,-0.764462,-0.769501,1.577968,1.29783,-0.813506,-0.791896,0.276307,-0.096929,-0.12,-0.119999,-0.0,-0.0,-0.7,-0.690353,1.4,1.286864,-0.7,-0.690346,0.0,-0.0
1787225932.101658,3.5,174,1.441951,1.463862,1.324695,1.324553,-0.116806,-0.086485,-0.083721,-0.083745,-0.108409,-0.106845,0.29096,0.291035,1.865084,1.952334,0.514807,0.514632,-0.12,-0.119999,-0.276589,0.061476,-0.764379,-0.768493,1.577874,1.352213,-0.813496,-0.796215,0.276589,-0.061617,-0.12,-0.119999,-0.0,-0.0,-0.7,-0.692282,1.4,1.30949,-0.7,-0.692276,0.0,-0.0
1787225932.122207,3.52,175,0.741311,1.45948,1.324695,1.324581,0.434376,-0.092547,-0.083721,-0.08374,-0.108409,-0.107158,0.29096,0.29102,0.900065,1.934885,0.514833,0.514688,-0.12,-0.119999,-0.276674,0.026119,-0.866464,-0.76767,1.808612,1.397337,-0.881049,-0.79967,0.276674,-0.026379,-0.12,-0.119999,-0.0,-0.0,-0.7,-0.693825,1.4,1.327592,-0.7,-0.693821,0.0,-0.0
1787225932.142637,3.54,176,0.741311,1.376904,1.324695,1.324604,0.434376,-0.020831,-0.083721,-0.083736,-0.108409,-0.107407,0.29096,0.291008,0.900065,1.852231,0.514833,0.514934,-0.12,-0.119999,-0.276699,-0.00924,-0.897089,-0.787422,1.877834,1.45173,-0.901315,-0.815941,0.276699,0.009603,-0.12,-0.119999,-0.0,-0.0,-0.7,-0.69506,1.4,1.342074,-0.7,-0.695057,0.0,-0.0
