frame_index,timestamp_s,LElbowRoll,LHipPitch,LShoulderPitch,RElbowRoll,RHipPitch,RShoulderPitch,TorsoPitch
7,1787225992.0295827,2.356194490192345,-1.3095621331406255,1.4468203034913802,-2.250399665812816,-1.53588974175501,1.205650894719852,-0.5235987755982988
8,1787225992.09892,2.356194490192345,-1.2699346422922966,1.4528275968804456,-2.287427854345651,-1.4542359484322367,1.2261602535847649,-0.5235987755982988
9,1787225992.147219,2.356194490192345,-1.272736234095487,1.4461414937649275,-2.311496176891994,-1.4316087064967995,1.2186167864774762,-0.5235987755982988
10,1787225992.2087517,2.356194490192345,-1.2889581190584194,1.4594710153200159,-2.3271405865471166,-1.4092265788664464,1.203362604878997,-0.5235987755982988
11,1787225992.255288,2.356194490192345,-1.2965759427646681,1.463330182066135,-2.3373094528229466,-1.3962385939468622,1.193433282717881,-0.5235987755982988
12,1787225992.308854,2.356194490192345,-1.320231092619953,1.487935469319957,-2.343919215902236,-1.3925215955651324,1.1815996679613598,-0.5235987755982988
41,1787225994.588494,1.6259343945359608,-1.2561491149288821,1.5125754233555124,-2.1488818533377216,-1.3142510714646352,1.2006601896948395,-0.5235987755982988
88,1787225998.4438899,1.3525046152167828,-1.210864330145068,1.5302855982371806,-2.22144127623684,-1.2543147460186193,1.1106950449202648,-0.5235987755982988
96,1787225999.0734904,1.4577449322590383,-1.159430390965454,1.482071786410756,-2.268604901121267,-1.1815314912049208,1.0821418019753983,-0.5235987755982988
99,1787225999.3138578,1.5416560702688953,-1.159878939852939,1.4886780325905238,-2.299261257296144,-1.1726333585310895,1.0417641303014342,-0.5235987755982988
101,1787225999.4491446,1.626747883535037,-1.1760941478238036,1.4773042748071015,-2.3191878888098145,-1.1687329915429463,1.035491198827124,-0.5235987755982988
123,1787226001.2373898,1.4554579497120697,-1.0978518506343753,1.4938871893548729,-2.3321401992937,-1.1489836580749575,1.0248821574370583,-0.5235987755982988
135,1787226002.2746568,1.7573571429380155,-1.0897899778719464,1.417285875997311,-2.340559201108226,-1.219704129963518,1.087122640300074,-0.5235987755982988
176,1787226004.992932,1.9669502144770308,-0.6090829862920882,0.4149609999199807,-2.3460315522876676,-0.6278740701628227,0.18721721377816392,-0.5235987755982988
178,1787226005.1106765,2.1031857109773906,-0.682558648043359,0.7344879836503388,-2.349588580554305,-0.7657046249076735,0.4443734266457171,-0.5235987755982988
181,1787226005.2969427,2.1917387837026245,-0.7249109730882508,0.935756668919058,-2.351900648927619,-0.8624233728647042,0.6101452650802748,-0.5235987755982988
182,1787226005.3659704,2.2492982809740267,-0.7182319949220304,1.0821381053099965,-2.3534034933702728,-0.9107737961688002,0.7225955324512476,-0.5235987755982988
183,1787226005.4113119,2.286711954200438,-0.6245016785196418,1.1869949599679237,-2.354380342257998,-0.8664402435976626,0.7958862984180382,-0.5235987755982988
184,1787226005.4544022,2.3110308417976055,-0.5927468775384299,1.2474561600955305,-2.3550152940350193,-0.7490452875854754,0.850239385843307,-0.5235987755982988
211,1787226007.6063592,2.3268381187357643,-0.7848334459981205,1.29149692121268,-2.3554280126900835,-0.9310005410966553,0.8687588309399612,-0.5235987755982988
255,1787226010.9405756,2.3371128487455675,-0.35643928910314915,0.4574377553777481,-2.355696279815875,-0.44021673739936185,0.0697811512416992,-0.5235987755982988
268,1787226011.995992,2.132419141405034,-0.09756564484215713,0.052161889256692434,-2.3558706534476395,-0.12120726499612108,-0.47135628548901876,-0.5235987755982988
360,1787226016.1910508,1.9216061399788384,0.08655496265658046,-0.23186819141670972,-2.317765314868744,0.08614889206598542,-0.8407060113108522,-0.5235987755982988
442,1787226019.8171842,2.0737120625535654,-0.36214433363435855,0.2724813021812862,-2.3312155262320045,-0.48156462977136294,-0.2659552872311977,-0.5235987755982988
446,1787226020.0492492,2.1725809122271382,-0.6519076505645032,0.7075720828741503,-1.9199105388926891,-0.3678702134001882,0.3065795242758855,-0.5235987755982988
450,1787226020.3170793,2.198074499946956,-0.668168406948672,0.9586498934579912,-1.8250135702730412,-0.232248547102977,-0.045688096346703955,-0.5235987755982988
459,1787226020.9121387,2.253416496532842,-0.9119752727851536,1.1390183692442335,-1.9715871820009934,-0.5354124119505553,0.35190936285999785,-0.5235987755982988
461,1787226021.0258296,2.289388794313668,-1.004320966892698,1.2470842774947353,-2.106199739867966,-0.8368329943493171,0.5697820355054585,-0.5235987755982988
467,1787226021.3797064,2.312770787871205,-1.0809757866546255,1.280361985501588,-2.1936979024814987,-1.0815028559413096,0.7023707906129082,-0.5235987755982988
469,1787226021.5164764,2.327969083683604,-1.1047922556503464,1.35278188060963,-2.2505717081802947,-1.1748095154202642,0.791784052124348,-0.5235987755982988
471,1787226021.6469276,2.3378479759616635,-1.1559144879582683,1.356540852061487,-2.287539681884512,-1.2983344003348067,0.8490548206656656,-0.5235987755982988
481,1787226022.3546004,2.344269255942402,-1.1660970984213357,1.3853992425995378,-2.3115688647922537,-1.3676419429545321,0.9009874570946628,-0.5235987755982988
482,1787226022.4461455,2.348443087929882,-1.1344487224111073,1.4205591566297282,-2.3271878336822853,-1.3369584176388418,0.9250942536156626,-0.5235987755982988
483,1787226022.4908843,2.3511560787217443,-1.0994029977107436,1.4693087994245864,-2.337340163460806,-1.325548520066671,0.9263379995563095,-0.5235987755982988
487,1787226022.7474384,2.3529195227364545,-1.1540476643001623,1.4939458875843776,-2.2295607846938488,-1.3807852685778552,0.9536280449579864,-0.5235987755982988
488,1787226022.8132913,2.3540657613460163,-1.146868529825848,1.4900659687154536,-2.264432551600203,-1.340656270519985,0.9710048105508664,-0.5235987755982988
489,1787226022.8707411,2.3548108164422317,-1.120347564824988,1.479122806352013,-2.256997585453628,-1.2836995734094103,0.9840013350943634,-0.5235987755982988
490,1787226022.919402,2.3552951022547712,-1.094609882122422,1.4566186156772707,-2.2917165021121786,-1.2653406172960957,0.9902067098312659,-0.5235987755982988
491,1787226022.963944,2.355609888032922,-1.0723774036642466,1.4350283132538149,-2.284856772382459,-1.2568780239791872,0.9955681594857089,-0.5235987755982988
508,1787226024.0978997,2.35581449878872,-0.9090790838857736,1.460619722305129,-1.8798265002558625,-0.7318735350138001,1.0920637766396668,-0.5235987755982988
536,1787226025.9439182,2.355947495779989,-1.0743133998861634,1.4390862924540877,-1.653982138181677,-0.7594615212835631,1.1349910158211665,-0.5235987755982988
541,1787226026.2476556,2.356033943824314,-1.2358651195402597,1.4681500568289392,-1.5356388855277179,-0.8043303856131314,1.157934795380536,-0.5235987755982988
552,1787226026.9556534,2.3560901350531247,-1.2101232672894557,1.4239546006102344,-1.8228333471603375,-1.0086792469802106,1.0539854990843947,-0.5235987755982988
565,1787226027.9741504,2.356126659351852,-1.2051666580404226,1.393872456094596,-2.00950974722154,-1.1248205360495658,1.0662400635356382,-0.5235987755982988
580,1787226029.1668775,2.347985533423258,-1.2182921631885473,1.4096168454015279,-2.130849407261322,-1.2491830548504064,1.0488383033781292,-0.5235987755982988
581,1787226029.2666113,2.3508586682924384,-1.1515536733124658,1.4467590279937443,-2.2097201862871803,-1.2134599153461516,1.060763243269649,-0.5235987755982988
582,1787226029.3223472,2.3527262059574054,-1.1024670522853626,1.457809144098717,-2.260986192653988,-1.1727248550327822,1.0760530094692335,-0.5235987755982988
583,1787226029.3711276,2.3539401054396345,-1.0358318755872056,1.4633851764393713,-2.294309096792413,-1.1333968731654795,1.0632195384166638,-0.5235987755982988
584,1787226029.4179833,2.354729140103083,-0.9726560272764072,1.408800849614114,-2.315968984482389,-1.1173186306721674,1.050555759930214,-0.5235987755982988
589,1787226029.7774446,2.2316599349344646,-0.9725461532529315,1.4620176551735615,-2.3300479114808734,-1.1035775489723354,1.1134818502733712,-0.5235987755982988
630,1787226033.10105,2.2752470292747224,-0.8592838978593846,1.3382781864113478,-2.3391992140298887,-1.0154311891203975,1.1282098171571726,-0.5235987755982988
636,1787226033.5533602,1.9328535008364922,-0.8563039730279836,1.4134474555259045,-2.3451475606867485,-1.0152877728646748,1.163626346742352,-0.5235987755982988
639,1787226033.780231,1.8483139030527922,-0.7407445449127479,1.3451250282191278,-2.2997442222491578,-0.9883366201688379,0.8264389933923053,-0.5235987755982988
642,1787226033.972929,1.9771617791116056,-0.8630781198643109,1.3731966694350681,-1.901663485449603,-1.1336174672939818,1.0660700884158407,-0.5235987755982988
643,1787226034.0767505,2.1098232279898643,-0.9549050509747166,1.286596471789009,-2.060749337109563,-1.1970555436462826,1.0683918579556626,-0.5235987755982988
645,1787226034.1999025,2.0493373393651217,-0.961759507929735,1.2313150371855341,-2.1641551406885364,-1.199430802833266,1.1198457650716447,-0.5235987755982988
647,1787226034.319305,2.15673734215465,-0.9277841493421173,1.173603786837304,-2.201783477825974,-1.1402687670550644,1.2548966755071238,-0.5235987755982988
654,1787226034.8627625,2.041798682793288,-0.8861656767962927,1.2047909912753063,-2.016532626255569,-1.0903391751394664,1.3416385532701782,-0.5235987755982988
660,1787226035.3511214,2.151837215382958,-0.8582118542631478,1.2799208299663674,-1.9597049322650513,-1.0498406428216818,1.281704517300066,-0.5235987755982988
667,1787226035.8848932,1.8899855024886338,-0.8827810958885834,1.3706003448123654,-2.0641702407129126,-1.0410723132591886,1.2776787933342628,-0.5235987755982988
670,1787226036.086724,2.0531586481849327,-0.4088740980141151,0.38750028810942516,-2.166378728030714,-0.6658637416148372,0.4339746717149426,-0.5235987755982988
671,1787226036.1575959,2.0706123539400045,-0.1601593442211515,0.592315358640453,-1.6123868140237594,-0.7436758157691581,0.7191875607690646,-0.5235987755982988
672,1787226036.2066948,2.040410502985761,-0.3974697252517643,0.7743700231199543,-1.8241587061344693,-0.8338958023175096,0.7768621452403959,-0.5235987755982988
675,1787226036.3653848,1.8918944706534135,-0.5579080582574809,0.929847706235791,-1.7285465644802116,-0.9609970905054831,1.0483231526357082,-0.5235987755982988
677,1787226036.504392,2.0543994774920398,-0.19770662355389848,0.06422858924017394,-1.9482233384794583,-0.45971449451509994,0.3249671153148077,-0.5235987755982988
682,1787226036.9165397,2.113339104458118,0.036424309003430105,-0.4227119933522877,-2.0910132415789686,-0.13388080712135084,-0.15852574478197312,-0.5235987755982988
685,1787226037.1445978,2.1983384894650975,-0.2204634847001442,-0.7805276061600557,-2.1838266785936504,-0.40778892754590523,-0.5756963429005835,-0.5235987755982988
688,1787226037.3499024,2.253588089719634,0.021632349258370376,-1.0176911392386625,-2.2441554126531935,-0.10012918859137429,-0.7368229728881923,-0.5235987755982988
689,1787226037.4190247,2.242630151922228,0.17899464133140486,-0.7342139921995381,-2.2833690897918966,0.09984964172907083,-0.9470350623136407,-0.5235987755982988
690,1787226037.4745855,2.1648462627477594,0.2812801311788773,-0.31394926336869267,-2.224555628963523,0.22983588143736017,-0.2031425976709455,-0.5235987755982988
691,1787226037.5270157,2.1692973897120704,0.34776569957973436,-0.34428475674864956,-2.270629230393611,0.31432693724774824,-0.3559181112836747,-0.5235987755982988
695,1787226037.7554653,2.234711374880167,0.39098131904029143,-0.7121350019609347,-2.300577071323168,0.3692461235245005,-0.6695290354792913,-0.5235987755982988
696,1787226037.8260465,2.277230465239429,0.41907147168965353,-1.0074603884113864,-2.29118855460638,0.40494359460438945,-0.8180129722356067,-0.5235987755982988
697,1787226037.883772,2.30486787397295,0.4373300709117389,-1.1549423242983217,-2.3139406320614677,0.42814695080631726,-1.0035169475504022,-0.5235987755982988
698,1787226037.9293754,2.322832189649738,-0.08187295230890568,-1.235567000051959,-2.328729482407275,-0.15373617430659342,-1.1230791127452862,-0.5235987755982988
703,1787226038.2566547,2.3345089948396502,0.11171619531267543,-0.9995939647926719,-2.3383422351320498,0.06500510101417839,-0.9587465339772304,-0.5235987755982988
705,1787226038.3905845,2.342098918213093,-0.2757814958684143,-0.6744721187633451,-2.344590524403153,-0.3692341681977402,-0.5516045878629605,-0.5235987755982988
706,1787226038.4764345,2.258438222751268,-0.5128656683466162,-0.4424296509354899,-2.3486519124293705,-0.6765740721823827,-0.8479510725610394,-0.5235987755982988
707,1787226038.5270648,2.057946480494044,-0.6253165023296303,0.002760592087981073,-2.1515019348821465,-0.85997375037687,-0.20352416225728864,-0.5235987755982988
708,1787226038.5815973,2.014672102035675,-0.7194922144058895,0.25333182973947377,-2.181414646311943,-0.9728461866040932,0.31423832206923075,-0.5235987755982988
709,1787226038.6253784,1.9427234820556094,-0.782344595797646,0.44606119849255577,-2.2371218003065754,-1.0083182413582588,0.6254354209391978,-0.5235987755982988
710,1787226038.6706035,1.923456304755509,-0.7198331000552124,0.5179149900153385,-2.2787972417665947,-1.0751690060881416,0.5018148132259327,-0.5235987755982988
711,1787226038.7125866,1.9747230556978173,-0.7121315114787494,0.4353000035761224,-2.305886278715607,-1.0696336056945297,0.03469563794309083,-0.5235987755982988
712,1787226038.7656126,1.905591359480913,-0.8021453422390371,0.8157819111533644,-2.2366763539114527,-1.1582514785359757,-0.19381836337912983,-0.5235987755982988
714,1787226038.863815,2.0633024552299144,-0.8713209193551155,0.4909167480670174,-2.2785077016097652,-1.2081173101326297,-0.452535181001003,-0.5235987755982988
716,1787226038.9846544,2.165814667466765,-0.5832589879979231,0.07490453858376114,-2.305698077613668,-1.1919551934417412,-0.8346777279975396,-0.5235987755982988
717,1787226039.0510628,2.232447605420718,-0.21418472788518592,-0.012592308949096465,-2.323371822016205,-0.9409459645121557,-1.0860900384832537,-0.5235987755982988
718,1787226039.0934498,1.8944719326719746,-0.16797369463152384,0.19439658353742842,-2.3348597558778543,-0.9632340277567426,-0.5088685721712287,-0.5235987755982988
719,1787226039.136171,1.6108576169803404,-0.24603208466053478,0.44759674562744645,-1.9215417180582945,-0.9340242543606763,0.07139641133579944,-0.5235987755982988
720,1787226039.179165,1.7066049428711338,-0.35762177087770486,0.46562935493939495,-2.0611677833031092,-0.9068022617331095,0.5047114721206362,-0.5235987755982988
721,1787226039.2298243,1.8977972400386451,-0.45371628511289963,0.2635265718409267,-2.1644271307143415,-0.9584500842231798,0.8452996718218088,-0.5235987755982988
722,1787226039.273591,1.7423716992590503,-0.6045266434956299,0.5487655419428534,-1.8797092685435781,-0.9689132809243495,0.9486131230578946,-0.5235987755982988
723,1787226039.320615,1.5225993872521864,-0.7145226678967511,0.7492826571930717,-1.7118994881846894,-0.9354189077370632,1.0070235941759398,-0.5235987755982988
725,1787226039.4321344,1.8143576732812419,-0.2995061198194241,-0.040983736836026075,-1.8445049834934273,-0.44308867571562693,0.1642776950096233,-0.5235987755982988
726,1787226039.4985838,1.6784030252533668,-0.21590650816939277,0.2746776828857682,-1.5803011879232625,-0.3079023157234473,0.31185429243077284,-0.5235987755982988
727,1787226039.5425432,1.8796080099342811,-0.23002477972051394,-0.23782480536973064,-1.17692879940617,-0.28772932592228323,0.47340748280426426,-0.5235987755982988
728,1787226039.606411,2.028392751203043,-0.2410692739605567,-0.56060219077709,-0.9610469232026221,-0.494458471328422,0.6291594081413696,-0.5235987755982988
730,1787226039.6933105,2.113261447277354,-0.4990684081362298,-0.2096190177586588,-1.449348571649025,-0.7143978239276723,0.4213231858488008,-0.5235987755982988
734,1787226039.9676602,1.9753790947419643,-0.645544680526252,0.304277298089914,-1.7667446431391869,-0.8430026460495763,0.5316638360088402,-0.5235987755982988
739,1787226040.3396218,2.1086644831495978,-0.7151497952714228,-0.3467399219440082,-1.8413555041146048,-0.9323774968208076,-0.08885064848080304,-0.5235987755982988
740,1787226040.4346888,2.115976402857775,-0.7729616187448756,-0.07779369553528728,-2.021549149241814,-1.044333238221642,-0.5022275664309315,-0.5235987755982988
741,1787226040.4978023,2.0849833242366036,-0.7794187489978839,0.27397149987866165,-2.1386750185745,-1.1106998587704453,-0.29533370679280957,-0.5235987755982988
742,1787226040.557431,1.9213966470587511,-0.65503589273252,0.5156275648968915,-2.2148068336407456,-1.2310264000246143,0.030098874392356312,-0.5235987755982988
743,1787226040.6045973,1.7997543809010708,-0.7937187702143009,0.7878112162369959,-2.2642925134338054,-1.3080280752625977,-0.4480526054501546,-0.5235987755982988
744,1787226040.6559575,1.9084879308622065,-0.884798980343851,0.5227485932757158,-2.2964582052992943,-1.3527806867305507,-0.6989398826704576,-0.5235987755982988
745,1787226040.7084713,1.7559324229264646,-0.9393645748030637,0.7389845794978516,-2.317365905011862,-1.3229064648255524,-0.6303697066740417,-0.5235987755982988
746,1787226040.7606885,1.842263177038772,-0.9922817459891041,0.7399249325600179,-2.3309559098250308,-1.30682948363488,-0.36113934555484273,-0.5235987755982988
747,1787226040.81667,2.0221391366425223,-1.0329939100348144,0.9232988284656299,-2.339789412953591,-1.2892690176253858,0.1455049445999,-0.5235987755982988
748,1787226040.8611405,2.1390585103849604,-1.091968695761594,0.594365373451171,-2.345531189987155,-1.2892717988609845,0.1915337087466641,-0.5235987755982988
749,1787226040.9118896,2.1637636482846885,-1.0451467170864222,0.5902156078829539,-2.3492633450589713,-1.2765121706836833,0.5265898309931087,-0.5235987755982988
750,1787226040.9600368,2.1859189125029745,-1.025481210402307,0.4838973626572821,-2.3516892458556518,-1.2707750022053583,0.5400900488564935,-0.5235987755982988
751,1787226041.012848,2.1192733487534037,-1.015461253435317,0.29039404665781804,-2.334612183167915,-1.2879415423824276,0.7761432696435933,-0.5235987755982988
752,1787226041.065758,2.202195748257033,-1.0727515966998165,0.13175262777473712,-2.170947247302302,-1.278603997095822,0.8517296010136215,-0.5235987755982988
754,1787226041.1595736,2.256095307934392,-0.9901426689044128,-0.22350373371730312,-2.235783782313817,-1.1863669154698515,0.09707584125351776,-0.5235987755982988
756,1787226041.2681866,2.280548649471575,-0.9217789295813242,-0.09563003219708735,-2.238475100189026,-1.158337499917338,0.4499649179003676,-0.5235987755982988
758,1787226041.3945715,2.3070246937238448,-0.9037686645455834,0.272306939333166,-2.2796768866901878,-1.1586344493947256,0.15648506057785408,-0.5235987755982988
759,1787226041.4701877,2.3121866754064015,-0.9397693026911342,0.6689043404531205,-2.306458047915943,-1.19416656817213,-0.24011335438290876,-0.5235987755982988
760,1787226041.516283,2.3008948947710364,-0.9486987807002527,0.40850669692726477,-2.1327513941468026,-1.2029874926008446,-0.3908741897747134,-0.5235987755982988
761,1787226041.5589182,2.2961081410332076,-0.9137505353451455,0.5466098696262286,-2.2109564777627426,-1.1916697537186733,0.1354194240271005,-0.5235987755982988
765,1787226041.7931888,2.1478710510380967,-0.977934168570871,0.6443743456194029,-2.1976033760941194,-1.2433132458502254,0.2557978896004717,-0.5235987755982988
768,1787226041.9899042,2.2207842547420835,-0.9552866644596308,0.08033923660035552,-2.2531102660284983,-1.1731199770530703,-0.266790725234623,-0.5235987755982988
769,1787226042.104735,2.2500369333790715,-1.0045950640181094,0.10918699583146341,-2.289189744485845,-1.1702755747268407,0.23285923669111494,-0.5235987755982988
771,1787226042.203288,2.2871920782637174,-0.4926212559480431,-0.3254318705244146,-2.31264140548312,-0.5957455092589824,-0.10824427590619068,-0.5235987755982988
772,1787226042.273912,2.1784352474495168,-0.7017719245087739,-0.2711024606493693,-2.327884985131349,-0.8455409178201934,-0.35121704807040793,-0.5235987755982988
773,1787226042.3299565,2.086446248355241,-0.801952489879405,0.043047610821669,-2.337793311902698,-0.9866469427322827,0.25073596345776183,-0.5235987755982988
774,1787226042.388869,2.0113248920175546,-0.8956757977535681,0.2664605484141382,-2.3442337243040745,-1.0804379280738852,0.7026519875331648,-0.5235987755982988
775,1787226042.4476101,2.1320292513787313,-0.9714820075973932,0.3498452693547317,-2.348419992364969,-1.1431446091515407,0.8759378280472547,-0.5235987755982988
779,1787226042.688011,2.2005479796231464,-0.9104045349858105,-0.04147096501271405,-2.155262987544086,-1.1325609551637834,0.19822774481424527,-0.5235987755982988
780,1787226042.7721496,2.255024258322366,-0.9557300001664142,-0.12075800364885436,-2.2255890134709766,-1.154507776749944,0.03771059846865513,-0.5235987755982988
781,1787226042.8148756,2.290433839476859,-1.0095358473210825,-0.11856290308810008,-2.2713009303234557,-1.1890576068044039,-0.02312221192477835,-0.5235987755982988
783,1787226042.9198444,2.3134500672272793,-0.9989792200613252,-0.4001721415321763,-2.301013676277567,-1.1504749007687958,-0.35201169737118704,-0.5235987755982988
784,1787226043.0193508,2.328410615265052,-1.0828132417911118,0.20039077554791823,-2.3203269611477393,-1.198810272914192,-0.007698371127805886,-0.5235987755982988
785,1787226043.0824976,1.7503784844673609,-1.0742319576644714,0.6780834401924819,-2.332880596313351,-1.2045479782535804,0.20366563980671898,-0.5235987755982988
786,1787226043.1381433,1.5247230211785574,-1.0895487892334355,0.8479944049060026,-2.3410404591709986,-1.221467783655309,0.36965776622275603,-0.5235987755982988
787,1787226043.1878457,1.694022983131425,-1.124100098096554,0.9819511215932848,-2.257821368312057,-1.2140911315258438,0.5423364705037965,-0.5235987755982988
788,1787226043.2332788,1.925783010602747,-1.116215145262517,1.1100202026358543,-2.292251960970158,-1.2536896675274045,0.7510708626189264,-0.5235987755982988
789,1787226043.2897213,1.7658279279522098,-1.1304991559243516,1.1353619413213798,-2.3146318461979236,-1.3027518131705995,0.9930668418950905,-0.5235987755982988
790,1787226043.3437595,1.7617479282462623,-1.1469378711537623,1.0518077879792527,-2.329178771595971,-1.3285824922228673,1.1427443688451837,-0.5235987755982988
792,1787226043.463632,1.8169783854813815,-1.0350749249756794,1.1404422021174383,-2.338634273104702,-1.2909605998246318,1.1819318338299531,-0.5235987755982988
794,1787226043.5786312,2.0057040221302187,-1.0719114516755939,0.9444016676684212,-2.3447803490853767,-1.2643706482669081,1.0477043110057438,-0.5235987755982988
796,1787226043.6938462,2.128375685951963,-0.9830590322839963,0.10430848501726286,-2.3487752984728156,-1.2482070839144193,0.3021308342384633,-0.5235987755982988
797,1787226043.7855978,2.2081122674360967,-0.9213949324680726,-0.4411850098525487,-2.351372015574651,-1.2908705182741014,-0.2321769867149193,-0.5235987755982988
798,1787226043.837707,2.2599410454007836,-0.43397309179078314,-0.8192232093017705,-2.3093297585397767,-0.6741322225647018,-0.599616133362414,-0.5235987755982988
799,1787226043.917109,2.2936297510778303,-0.20618818089260865,-0.9006591684353502,-2.221513037770878,-0.27993068768288876,-0.845594170742233,-0.5235987755982988
801,1787226044.0126073,2.0795625426565243,-0.4383059742999304,-0.2316072892419866,-2.2686515461183916,-0.5574029005260308,-0.5094481611300883,-0.5235987755982988
809,1787226044.6060805,1.3955411020256854,-0.6396174574843065,0.39885301592957034,-2.2206030918612703,-0.7332133696665873,0.0291176257584434,-0.5235987755982988
813,1787226044.8975823,1.201726212791235,-0.7921097879521041,0.7615979878879174,-1.9971892362869805,-0.8461613221444748,0.39772378275103853,-0.5235987755982988
816,1787226045.1349196,1.4856516917205482,-0.8318918224726752,0.9901987876063008,-2.122841075153858,-0.8993130401652276,0.6096590697974182,-0.5235987755982988
821,1787226045.5419672,1.5504264907097483,-0.8320713744048193,1.1413756839926792,-2.2045147704173287,-0.9227411335952433,0.7442189204251013,-0.5235987755982988
823,1787226045.6986184,1.832445290528657,-0.7759985716032842,1.1775540643254194,-2.2576026723385842,-0.9362724828732552,0.9340513885218455,-0.5235987755982988
826,1787226045.9131181,2.015757510410948,-0.7906727426278453,1.1712645753218984,-2.2921098085874005,-0.9365379807752354,1.0720200439021919,-0.5235987755982988
830,1787226046.1922696,2.134910453334437,-0.8181025931160747,1.1640912451718186,-2.291827495706975,-0.9289427112213813,1.1879468365654453,-0.5235987755982988
832,1787226046.3130147,2.040727975358737,-0.8636427203658441,1.297554691207,-2.314355943776855,-0.9942998912102862,1.152265043334176,-0.5235987755982988
835,1787226046.513728,2.1511412555505,-0.8040597692468574,1.3260502020063023,-2.3289994350222765,-0.9869243563256662,1.1611299561655866,-0.5235987755982988
837,1787226046.6552045,1.8530000042313426,-0.8018556072795532,1.4057085838923862,-2.1573700031690417,-0.9851782266019917,1.0352329278825303,-0.5235987755982988
838,1787226046.735935,1.6781845622306624,-0.8200028169868563,1.3627278741253228,-2.044045692552825,-1.036595643212124,1.1978850772676268,-0.5235987755982988
840,1787226046.830761,1.9154880370172513,-0.7498845770490613,1.2988752080596844,-2.1058680473551807,-1.010218853628565,1.3223009641349859,-0.5235987755982988
842,1787226046.9655318,1.9795123423967844,-0.7973624104669141,1.3007793139965673,-2.193482302348188,-1.0014809909504856,1.2076378257650087,-0.5235987755982988
843,1787226047.0400639,1.405804763756778,-0.813775209848263,1.370970736459587,-2.250431568093643,-0.9998395313743084,1.1211760610002295,-0.5235987755982988
844,1787226047.0855584,1.0463369757933967,-0.8465334565635453,1.425959674386588,-2.2874485908281885,-0.9959253254733962,1.0559840845506439,-0.5235987755982988
845,1787226047.135775,0.9705546915051914,-0.8567010670801501,1.453103593429542,-2.3115096556056436,-0.981052775824481,1.0234545433121267,-0.5235987755982988
846,1787226047.1840441,0.94612733392672,-0.8641875773944423,1.464411058962571,-2.3271493477109892,-0.9662211985340077,1.003927974423523,-0.5235987755982988
847,1787226047.2256777,0.9314979906851182,-0.87904415941564,1.4690113612338176,-2.3373151475794636,-0.9499509311049128,0.9890594628490927,-0.5235987755982988
849,1787226047.3277185,1.251135856252665,-0.7763791089539158,1.1958744829304404,-2.2637222615259462,-1.008186248097452,0.774298736915553,-0.5235987755982988
853,1787226047.5952563,1.637906378131553,-0.8213673884118748,1.150594325151575,-2.1907030734645563,-0.9920240848271609,1.0203673552359163,-0.5235987755982988
856,1787226047.8149927,1.8238066136256919,-0.8404537758784214,1.2030353537081133,-2.1573486377364643,-1.0107145433168,1.1080327128078673,-0.5235987755982988
859,1787226048.038743,1.933233266863414,-0.8216768855613834,1.26506809356388,-2.2269446860960223,-0.9632002743719599,1.0806090196961655,-0.5235987755982988
861,1787226048.1797783,2.0771993508382405,-0.8294256430639148,1.2556630820350656,-2.272182117529735,-0.9434944251852744,1.0906373626507393,-0.5235987755982988
863,1787226048.307591,2.174847649612177,-0.8640187045172004,1.2746976336407476,-2.3015864479616486,-0.9524213731689215,1.0889246633357736,-0.5235987755982988
865,1787226048.43963,1.9922119732146522,-0.8878654675391251,1.3727423559018965,-2.3206992627423926,-0.9831486382409216,1.0442595897059106,-0.5235987755982988
868,1787226048.6405823,2.1196058541568448,-0.905124757370996,1.3825420148290684,-2.333122592349876,-0.9923292159790076,1.036400144431175,-0.5235987755982988
870,1787226048.7838326,2.2024118767692697,-0.8908536995203193,1.3295101110083847,-2.262826078041663,-1.0232991925801316,1.1804084072883891,-0.5235987755982988
871,1787226048.8646283,1.7402308221125224,-0.9609522842702698,1.2580045444073442,-2.0281598379281003,-1.0571025245655705,1.121379772488893,-0.5235987755982988
873,1787226048.958705,1.7411934484134846,-0.9411438239862602,1.3638798117583355,-2.142971966220586,-1.008640813353907,1.0944203132133743,-0.5235987755982988
875,1787226049.0757577,1.81695746464496,-0.9206221292388037,1.4275636455290217,-2.1447731922966744,-1.0182156268585871,1.1555580726661348,-0.5235987755982988
877,1787226049.191692,2.005690423586545,-0.8810747423326706,1.3657508688713778,-2.2187706465601593,-1.0073995637873698,1.2046909887399428,-0.5235987755982988
879,1787226049.3031611,1.8431130201689077,-0.8824126642403749,1.4198723273489715,-2.2455194704051293,-1.006799893767988,1.2084557282948096,-0.5235987755982988
885,1787226049.6765084,1.9586048270357765,-0.8825845506398015,1.3702076906289196,-2.2842557273306547,-1.0001767434903988,1.1532400647129017,-0.5235987755982988
888,1787226049.8866336,1.7139578827744477,-0.9205240370556154,1.411877046726521,-2.263764627289718,-1.0122387130934682,1.1572106593387308,-0.5235987755982988
890,1787226050.0151262,1.814384201173131,-0.900959607764805,1.4276360959954357,-2.2961150793056375,-0.9974153740544554,1.113970739790511,-0.5235987755982988
896,1787226050.4198272,1.2540328570271546,-0.8613925641636452,1.3968032317380417,-2.08413937238386,-0.9451501906548581,1.1375367514724528,-0.5235987755982988
897,1787226050.4876354,1.2357739073184049,-0.8344297514392947,1.3939060237108327,-1.9972712877898635,-0.922106016250442,1.1113510000050328,-0.5235987755982988
898,1787226050.5302856,0.9556544525565126,-0.8522223808442448,1.3892309197739894,-1.9309497000949056,-0.8859500265669877,1.1492686955702411,-0.5235987755982988
899,1787226050.5807903,0.8457021042203631,-0.8789452833975548,1.3336072047359004,-1.659235053103402,-0.8701477554828372,1.161742350242609,-0.5235987755982988
900,1787226050.6339366,0.9186677476257527,-0.8964957594660781,1.2244769891630838,-1.4146989443805398,-0.8549185369947907,1.1522652839001613,-0.5235987755982988
901,1787226050.6994302,1.3542701238352883,-0.8840607031773773,1.1696295814858428,-1.4503581522868152,-0.8896363214413874,1.1025971250994275,-0.5235987755982988
902,1787226050.7482073,1.2283039326451015,-0.8871251813656502,1.1827390926686254,-1.2383767603106566,-0.9113127073248828,1.0976798307877713,-0.5235987755982988
903,1787226050.7965314,1.2023975247291272,-0.8850601559140288,1.1569886922081531,-1.1504421016891386,-0.8901237766950254,1.0996384820376612,-0.5235987755982988
904,1787226050.8489947,1.5848788256170152,-0.875850890535628,1.1252568631659994,-1.292662751236049,-0.8671681802180367,1.0808971755025902,-0.5235987755982988
906,1787226050.951598,1.8548393082183807,-0.8777890472061103,1.1969978941059778,-1.6648988598707524,-0.9192461183024456,1.077267400589296,-0.5235987755982988
907,1787226051.0280898,2.030313621909268,-0.8094699725873774,1.222882596371764,-1.9068523304833098,-0.9382928076044036,1.063768552124026,-0.5235987755982988
908,1787226051.0766554,2.1256410881089645,-0.7940980067863589,1.2596493052877218,-2.064122086381472,-0.9419367604812307,1.0760699738340544,-0.5235987755982988
909,1787226051.1218047,1.790521853254979,-0.8089309183012414,1.3441833851321499,-2.1663474277152774,-0.942708645394076,1.0770857374686869,-0.5235987755982988
910,1787226051.1653802,1.3223973278284895,-0.8107512562201007,1.4126122311449822,-2.2327938995822514,-0.9507454995669686,1.0603309246643944,-0.5235987755982988
911,1787226051.213763,1.6247273278815522,-0.7983293311060105,1.3844590022409866,-2.275984106295784,-0.9469342404801859,1.0473676220762485,-0.5235987755982988
912,1787226051.2657347,1.4603697298601745,-0.7866573224043669,1.3855758748487415,-2.30405774065958,-0.9076663358275036,1.041183055950115,-0.5235987755982988
914,1787226051.3560278,1.7739083959764341,-0.7928178235710105,1.3271563318942288,-2.173447558318408,-0.9386956315520407,1.170882998781651,-0.5235987755982988
915,1787226051.431847,1.4892811053755994,-0.8162703687025906,1.388281395924442,-1.9958699671228572,-0.9665401724956018,1.2145180527069883,-0.5235987755982988
918,1787226051.610304,1.6825931148456568,-0.8538421865244537,1.3906343909218433,-2.1219835501971778,-0.9822939616195262,1.154198652812789,-0.5235987755982988
919,1787226051.6785529,1.796243287035817,-0.8156405580435018,1.3843450658164447,-2.2039573791954865,-0.9760854979205513,1.0991439592211543,-0.5235987755982988
920,1787226051.7225897,1.9848068136743275,-0.7946348529445826,1.380015223107705,-2.257240368044387,-0.972304743760755,1.0514860894169744,-0.5235987755982988
925,1787226052.0496738,2.114792500455634,-0.8114601015580493,1.3272125002509536,-2.2918743107961723,-0.968260372547523,1.075089905228837,-0.5235987755982988
928,1787226052.274496,2.074083213534399,-0.834214023026184,1.3559453354127173,-2.3143863735848327,-0.9532382860268773,1.0692174351363417,-0.5235987755982988
930,1787226052.4077039,2.17282216036468,-0.7727012775520443,1.3438529766549725,-2.329019214397462,-0.9295167660028962,1.08336351570093,-0.5235987755982988
932,1787226052.5268183,2.2096785355942066,-0.8050187109582118,1.3937569868407433,-2.3385305609256712,-0.945061384550406,1.0844035096168372,-0.5235987755982988
934,1787226052.6407125,1.9495110125381492,-0.7892122003161586,1.429532521187431,-2.344712936169007,-0.9097786087414732,1.0563565915864557,-0.5235987755982988
936,1787226052.7525055,1.9462266128090038,-0.801497693594293,1.4153159997126314,-2.3487314800771752,-0.9182423608272556,1.069550426397395,-0.5235987755982988
937,1787226052.8235781,2.089715369893173,-0.7845975534256765,1.3628840177274455,-2.3513435336174844,-0.9261638197198144,1.0541217713355118,-0.5235987755982988
938,1787226052.8747945,2.1829830619978834,-0.787212835288966,1.3424926200684628,-2.3530413684186855,-0.9353243036536112,1.0291816483770726,-0.5235987755982988
939,1787226052.9267132,1.9108214123701293,-0.8090459040097464,1.4040682158097075,-2.3541449610394665,-0.9953774085998777,1.0143001113239856,-0.5235987755982988
940,1787226052.9719977,1.4847268129318916,-0.8170211644707844,1.4194999351172486,-2.354862296242974,-1.0350384254124338,1.0073909242290358,-0.5235987755982988
941,1787226053.0161808,1.4253396062163333,-0.8332446437960029,1.4173714908140578,-2.342769131504467,-1.0518472892187116,1.0008988535139747,-0.5235987755982988
942,1787226053.0636077,1.4314898463068007,-0.8631302562903044,1.407162059681971,-2.347468007045224,-1.0526350038452397,0.9984345252843558,-0.5235987755982988
943,1787226053.113431,1.3750494780238587,-0.875675821610474,1.4012798288822788,-1.9149154326068598,-1.0198520656956145,1.0361370387233457,-0.5235987755982988
944,1787226053.1650546,1.0904609001545054,-0.8930828150723862,1.391147802790596,-2.0693631027617796,-1.0046537522777395,1.0024769772788231,-0.5235987755982988
946,1787226053.2725163,1.5334676566677492,-1.0657618817589636,1.4187212602705095,-2.1697540883624775,-1.1525362343622039,1.0527698251579873,-0.5235987755982988
947,1787226053.3440778,1.8214220484013577,-1.0945665098701802,1.4632169901854812,-2.235008229002931,-1.1969287097443682,1.09303019495314,-0.5235987755982988
948,1787226053.3909454,2.008592403028203,-1.0812556659674257,1.4250050873307285,-2.277423420419226,-1.204472789988158,1.1079478927367648,-0.5235987755982988
949,1787226053.439012,2.1302531335356525,-1.0576238208794795,1.3874035299420253,-2.3049932948398175,-1.1793148589750784,1.1005711377763638,-0.5235987755982988
950,1787226053.4840875,2.2093326083654947,-1.0078234902026153,1.3894257334943159,-2.322913713213202,-1.139238053100978,1.1025996690306696,-0.5235987755982988
951,1787226053.5292346,2.260734267004892,-0.9614000458007312,1.370413943435469,-2.334561985155902,-1.0955737172020974,1.1051270146767609,-0.5235987755982988
952,1787226053.5729377,2.2941453451205005,-0.9407827334117689,1.373126010715348,-2.3421333619186573,-1.0775789013329673,1.1137685549722505,-0.5235987755982988
953,1787226053.6207795,2.2732269263149547,-0.9421421958590943,1.3357625278860676,-2.347054756814448,-1.0665043815819524,1.1226259940648027,-0.5235987755982988
956,1787226053.7959082,1.983746987525845,-0.7904516354204074,0.501601926457907,-2.0923372534052307,-0.528294233714805,0.6048859669269617,-0.15707963267948966
957,1787226053.8720996,1.8323711555944073,-0.8181370728144121,-0.04784960098990049,-2.1846872862807207,-0.5912258123692051,0.21721486660970138,0.0811578102177363
958,1787226053.915902,1.592397914097819,-0.8435714236535932,-0.44726649061658746,-2.244714807649789,-0.815996878885938,0.009851679192779905,0.23601214810093318
959,1787226053.966791,1.4928339659781433,-0.9416212808974755,-0.775202086708781,-2.2837326965396834,-1.0240595346490602,-0.039554724904077875,0.33666746772501116
960,1787226054.018728,1.1993647396725908,-1.0964272603288152,-0.984672683677204,-2.0675707652074147,-1.1646312587642165,-0.0802117620183892,0.40209342548066185
961,1787226054.069754,1.4785302912912495,-1.1900987819238684,-1.1239235601907551,-2.1685890689521403,-1.2520453595163945,-0.2560924598389333,0.4446202980218348
962,1787226054.1186342,1.308989064005287,-1.2659850266205286,-1.1972190191564334,-2.188922337887748,-1.2927602180815925,-0.29411367551941914,0.4722627651735972
963,1787226054.181505,1.367709238052145,-1.2186928528332102,-1.0820176781404047,-2.186894407386304,-1.354878930506261,-0.3186769124738071,0.4902303688222428
965,1787226054.2838216,1.6769410915110066,-1.1641005628071017,-0.16356876054232028,-2.2461494363684182,-1.2938112856982438,0.1356790794252605,0.13539016827505324
967,1787226054.3990629,1.914679781049475,-1.1273696460810052,0.4235396782102876,-2.2846652052067924,-1.259648158984573,0.42909907028934224,-0.09525596208061997
968,1787226054.4659307,2.0692099292494794,-1.0431620683724834,0.8130220418496628,-2.3097004549517357,-1.1923301050055999,0.62795050017568,-0.24517594681180757
969,1787226054.5126197,2.1696545255794826,-0.9900928939133797,1.0685381612707503,-2.325973367285949,-1.1500102511082981,0.7604173375691639,-0.3426239368870795
970,1787226054.5562491,2.2349435131939845,-0.9639854806118741,1.2305281211669556,-2.3365507603031874,-1.1145114574093062,0.8824907921839338,-0.40596513043600624
971,1787226054.6004767,2.2571866167023042,-0.9598564230775148,1.3413857155469437,-2.3434260657643926,-1.1033798787982432,0.9730648451799013,-0.44713690624280866
972,1787226054.6564636,2.2918393724238184,-0.9198623870536167,1.385961989465884,-2.347895014314176,-1.0772385362259522,1.0259730456752953,-0.4738985605172302
973,1787226054.704413,2.3143636636428027,-0.9151151675478084,1.4169977838947871,-2.350799830871535,-1.0739719968287145,1.0628182329906353,-0.49129363579560426
974,1787226054.7499626,2.3290044529351426,-0.9126660188583084,1.4409228609508804,-2.3526879616338183,-1.0575952497712497,1.083869776048739,-0.5026004347265474
975,1787226054.794136,2.3385209659751633,-0.909726886974856,1.4741418640006376,-2.3539152466293025,-1.0575389903855898,1.0977995795565991,-0.5099498540316604
976,1787226054.837469,2.344706699451177,-0.9130180190351669,1.483683728294446,-2.3547129818763675,-1.045197474899856,1.1187488852888228,-0.5147269765799838
977,1787226054.885703,2.3487274262105857,-0.903290960876094,1.5125213777830662,-2.3552315097869596,-1.0521043619254533,1.149783607328545,-0.517832106236394
978,1787226054.9364145,2.3513408986042013,-0.8944218123843009,1.5313901489240278,-2.355568552928845,-1.0542085804444272,1.1370127199135873,-0.5198504405130606
979,1787226054.978966,2.3530396556600515,-0.8530169011241264,1.4608622342947757,-2.35578763097107,-1.0177023412387791,1.1557184324222243,-0.521162357792894
980,1787226055.0220933,2.354143847746354,-0.8335828083197498,1.474000616910283,-2.355930031698516,-1.00063633243904,1.133466295685713,-0.5220151040247857
981,1787226055.0650148,2.354861572602451,-0.8115241387462309,1.5005621384656866,-2.0573465597133223,-0.9754830371465598,1.0825910739697513,-0.5225693890755153
982,1787226055.1055532,2.3553280937589136,-0.7829096331003169,1.5001812998777373,-1.5715882116138453,-0.9990827475403404,1.0381395487748044,-0.5229296743584895
983,1787226055.1471171,2.3556313325106144,-0.7089303715201223,1.4732262810327965,-1.7815997872851983,-1.0104015970170408,0.9873247637144498,-0.5231638597924227
984,1787226055.1941242,2.2624110667903135,-0.6986363339813274,1.3951937676645672,-1.5968847757701334,-1.0367471885943993,0.9758066430616459,-0.5233160803244794
985,1787226055.2367651,1.819054600623087,-0.6648799555991328,1.4145579311492185,-1.6909265819134085,-1.0018203180613132,1.0564705305643871,-0.5234150236703162
986,1787226055.2816942,1.5403270545550405,-0.6303470743328949,1.3697844729754325,-1.9237703498110363,-0.9793931646788077,1.0772287516549564,-0.5234793368451102
1087,1787226063.1699681,1.6370554645193693,-0.2901146349672412,0.6475422697684521,-1.9722579631310309,-0.4716719427277609,0.5204290643949447,-0.15700199748991706
1088,1787226063.2472787,1.7443547914683983,-0.12036806357012907,0.19957755206816205,-2.0718456707476727,-0.14165314845958046,0.1398384092742472,0.08120827309095849
1089,1787226063.2931035,1.8143591182064605,0.05856669107356231,-0.10719127264758621,-2.171367757553308,0.07285906781473682,-0.1058651020533577,0.2360449489685276
1090,1787226063.339604,1.8335709185957114,0.2021441044682079,-0.30131664261605345,-2.2360571139769707,0.21229200839304305,-0.262964015672805,0.33668878828894755
1091,1787226063.388609,1.8373385828114281,0.2602100117695278,-0.44544584343963933,-2.2781051956523517,0.3029234197689421,-0.3725528982537142,0.4021072838472205
1092,1787226063.4367044,1.8247944835363086,0.26938066264634264,-0.5061154878284866,-2.247749066541107,0.3618338371632765,-0.4260506418949165,0.4446293059600979
1093,1787226063.479474,1.8336497645058816,0.2606970022319587,-0.5425475827969567,-2.213484055622148,0.4001256084695939,-0.4453851949299123,0.4722686203334682
1094,1787226063.5244613,1.8415154235725926,0.23493682623378187,-0.5400294689953763,-2.1428210624928306,0.42501525981870014,-0.4464091478725154,0.49023417467615893
1100,1787226063.9438465,1.886701705240871,0.2350367573206591,-0.524271920158564,-2.217501762187661,0.44119353319561927,-0.4841027162741387,0.5019117849989079
1104,1787226064.2219784,1.8926084886113261,-0.20335813534615022,-0.5182543363303724,-2.2660442169893003,0.42762118751149425,-0.4720695690812567,0.5095022317086947
1110,1787226064.680464,1.8135744712878004,0.03275082633846649,-0.6179382561584248,-2.297596812610366,0.4428873861959354,-0.4716128407486032,0.5144360220700561
1114,1787226064.9346442,1.9322335016792305,0.03959126934757052,-0.624582353826751,-2.3181059997640587,0.37630938772104294,-0.49543422147973004,0.5176429858049411
1116,1787226065.0516388,2.0205534288764206,-0.3715820381024848,-0.5329196070097924,-2.331436971413959,-0.22385670305028751,-0.48694891186245975,0.5197275122326163
1119,1787226065.22515,2.0394575681390705,-0.379428282417791,-0.4649222982207108,-2.3401021029863944,-0.4205545047008789,-0.45588737847413063,0.5210824544106052
1140,1787226066.8459713,2.0467737258170233,-0.6667500281029335,-0.46987348688957264,-2.345734438508477,-0.6757296402270798,-0.39863669014964837,0.521963166826298
1280,1787226078.395481,1.9939179062551347,-0.5098542708784156,-0.47815544970181256,-2.349395456597831,-0.2742906518341378,-0.43280355852034624,0.5225356298964983
1286,1787226078.8482313,2.019820613623062,-0.46354691815999055,-0.4660749511343182,-2.351775118355911,-0.01335530937872545,-0.4164398019810176,0.5229077308921284
1312,1787226080.9934518,1.979918377885749,-0.4674152745037189,-0.42977309439560596,-2.353321898498663,0.10813626849211366,-0.42954511356690583,0.523149596539288
1324,1787226081.9657216,1.9617802398729922,-0.3783120736067719,-0.4191063726775927,-2.3543273055914513,0.235222188833338,-0.4143552032207049,0.5233068092099418
1326,1787226082.0955894,1.930450854850297,-0.2629763167050297,-0.48182657648840255,-2.354980820201764,0.31782803705513385,-0.4389770672196576,0.5234089974458667
1381,1787226086.7937877,1.9658291587803831,-0.4933849718633072,0.03385782270903731,-2.3554056046984675,-0.1033489996862911,0.02252312739673812,0.15695627688040875
